geom_name,B1,B2,B3,C1,C2,C3,C4,S1,S2,S3
geom_000,117.4,69.97,532.0,1000.0,847.2,184.3,85.55,41.32,58.91,26.57
geom_001,166.0,53.31,614.4,1000.0,565.4,224.9,78.19,59.52,42.2,25.87
geom_002,123.2,144.2,365.9,1000.0,821.8,240.1,67.88,45.36,55.6,32.6
geom_003,194.7,96.34,207.7,1000.0,605.1,263.2,64.83,59.0,40.09,39.77
geom_004,175.5,154.7,304.7,1000.0,846.5,237.3,88.51,42.28,57.91,36.08
geom_005,152.8,134.4,332.8,1000.0,752.7,256.1,87.98,57.09,58.63,32.94
geom_006,159.9,69.39,459.1,1000.0,791.6,261.6,72.89,46.66,41.62,37.33
geom_007,124.0,137.5,379.9,1000.0,592.7,213.7,74.65,57.56,48.24,37.69
geom_008,193.4,148.8,638.2,1000.0,727.3,195.0,79.58,45.23,51.58,26.75
geom_009,103.0,181.6,322.6,1000.0,734.2,254.9,63.32,56.67,47.28,28.89
geom_010,153.7,159.5,450.8,1000.0,593.1,278.9,74.51,41.65,53.48,35.87
geom_011,156.7,61.95,227.5,1000.0,616.8,276.2,72.67,53.71,50.39,36.73
geom_012,183.6,195.5,439.3,1000.0,550.2,246.2,67.52,57.92,59.01,33.71
geom_013,167.2,175.7,447.7,1000.0,715.7,221.2,80.82,42.99,46.56,38.64
geom_014,114.2,182.3,651.5,1000.0,627.9,194.9,82.06,52.4,57.74,37.2
geom_015,175.7,143.3,421.1,1000.0,650.6,207.9,69.57,40.34,40.78,27.33
geom_016,104.3,73.85,680.7,1000.0,691.4,198.5,75.4,40.4,54.58,39.26
geom_017,197.4,163.1,456.5,1000.0,843.5,239.4,71.48,42.58,57.65,30.13
geom_018,160.6,91.65,590.6,1000.0,824.9,183.3,72.19,49.33,57.18,29.7
geom_019,111.2,63.78,637.6,1000.0,666.9,254.9,74.71,47.28,54.41,27.6
geom_020,158.3,68.44,240.2,1000.0,729.6,231.1,82.0,56.84,46.76,28.6
geom_021,131.0,170.1,328.7,1000.0,686.5,214.0,64.72,40.12,47.97,37.89
geom_022,196.9,155.1,506.2,1000.0,801.6,261.6,68.31,54.64,53.27,31.46
geom_023,100.2,186.3,388.6,1000.0,844.4,227.6,62.25,50.01,54.61,37.46
geom_024,133.9,177.5,213.0,1000.0,795.8,218.0,66.63,54.2,44.51,35.82
geom_025,161.1,104.8,362.2,1000.0,678.2,223.8,77.91,53.56,54.95,32.34
geom_026,104.9,172.2,345.1,1000.0,587.2,273.6,62.33,56.09,43.09,37.71
geom_027,145.6,90.18,579.9,1000.0,629.5,244.0,65.88,56.44,50.87,28.58
geom_028,124.4,199.5,203.2,1000.0,593.6,182.3,71.65,40.76,41.44,27.64
geom_029,138.7,177.4,312.7,1000.0,769.6,220.7,89.71,41.45,54.04,33.69
geom_030,141.3,147.4,469.5,1000.0,579.7,223.5,71.4,43.54,52.56,35.53
geom_031,129.2,168.1,348.4,1000.0,689.9,181.6,74.94,43.26,56.32,34.04
geom_032,102.3,86.55,316.1,1000.0,837.9,258.5,73.42,59.53,42.23,31.8
geom_033,116.3,56.21,200.5,1000.0,688.3,215.6,76.6,41.73,57.46,24.82
geom_034,184.3,91.27,257.9,1000.0,683.6,247.4,72.71,53.83,55.88,32.83
geom_035,130.3,186.4,524.8,1000.0,602.3,193.5,88.13,43.7,59.39,33.99
geom_036,130.8,115.9,457.1,1000.0,699.6,246.3,80.34,49.43,42.45,26.42
geom_037,144.0,95.78,252.0,1000.0,754.1,228.1,64.39,59.12,44.7,33.94
geom_038,142.0,172.0,589.4,1000.0,674.5,246.9,68.0,58.61,40.31,31.19
geom_039,183.3,128.9,559.3,1000.0,736.6,234.4,65.79,48.57,43.03,30.06
geom_040,179.3,51.04,610.5,1000.0,628.1,279.1,60.79,54.61,50.21,27.87
geom_041,137.7,123.2,429.8,1000.0,618.1,187.8,84.06,59.56,42.61,39.11
geom_042,184.7,194.0,677.8,1000.0,581.5,244.6,75.06,49.59,56.78,27.93
geom_043,126.5,163.5,592.0,1000.0,733.9,206.1,87.24,40.28,45.43,27.48
geom_044,123.5,95.09,504.8,1000.0,831.0,278.0,88.81,43.4,41.4,35.86
geom_045,158.6,71.97,429.1,1000.0,613.7,206.5,66.66,55.16,49.6,36.11
geom_046,176.3,94.84,234.2,1000.0,552.0,271.9,75.27,58.68,45.61,28.63
geom_047,110.0,109.8,319.6,1000.0,594.1,182.5,61.59,52.55,47.3,26.96
geom_048,120.3,79.07,583.8,1000.0,704.0,276.8,89.84,55.01,58.31,32.37
geom_049,167.4,110.4,648.3,1000.0,632.8,198.0,64.7,58.75,55.24,29.96
geom_050,145.0,104.4,676.3,1000.0,571.2,238.4,82.9,50.6,59.28,25.28
geom_051,166.4,66.48,486.6,1000.0,596.8,248.7,86.25,46.89,43.39,31.57
geom_052,111.0,196.3,295.6,1000.0,698.2,274.1,84.84,41.79,46.22,28.93
geom_053,147.6,87.53,230.1,1000.0,728.9,195.2,67.25,44.88,50.34,24.62
geom_054,182.5,89.27,377.9,1000.0,602.6,187.9,72.09,55.95,40.01,29.29
geom_055,167.0,82.06,292.6,1000.0,795.4,261.8,87.54,46.47,42.99,38.33
geom_056,165.8,113.9,266.8,1000.0,812.8,204.2,67.1,54.83,54.27,30.18
geom_057,159.9,62.56,273.3,1000.0,716.4,210.5,60.22,51.64,48.06,26.48
geom_058,154.2,129.6,669.6,1000.0,570.8,243.1,62.45,57.76,49.85,28.39
geom_059,163.1,102.1,482.4,1000.0,708.9,199.2,82.48,48.83,51.28,30.97
geom_060,119.9,155.9,698.7,1000.0,623.7,275.5,66.05,40.95,42.7,37.83
geom_061,190.7,75.8,624.2,1000.0,584.4,245.8,84.7,41.59,56.05,25.08
geom_062,165.5,170.7,220.0,1000.0,681.6,237.0,77.86,58.09,51.56,25.46
geom_063,174.3,84.23,262.1,1000.0,817.7,255.2,88.98,44.7,59.6,27.7
geom_064,178.7,165.3,374.0,1000.0,569.7,190.2,83.18,42.27,46.27,31.37
geom_065,134.9,60.6,250.4,1000.0,803.0,210.4,80.17,51.24,53.15,26.98
geom_066,180.8,113.8,457.8,1000.0,718.1,200.1,63.18,46.48,51.86,38.4
geom_067,178.3,58.99,480.2,1000.0,623.2,213.4,88.39,53.19,44.67,39.19
geom_068,191.3,98.42,617.2,1000.0,799.9,232.1,63.03,53.12,54.33,37.49
geom_069,120.9,133.3,665.3,1000.0,768.8,259.2,81.53,56.5,55.71,31.63
geom_070,146.5,102.3,470.3,1000.0,849.1,189.1,81.08,42.72,41.88,24.2
geom_071,152.4,168.5,517.6,1000.0,807.9,276.5,70.76,50.48,42.95,37.74
geom_072,154.1,95.63,204.9,1000.0,718.7,228.3,88.89,54.95,50.7,34.58
geom_073,184.4,148.6,252.6,1000.0,668.3,273.8,85.62,51.44,48.42,36.66
geom_074,196.3,161.2,463.5,1000.0,639.3,260.2,72.56,53.07,48.78,26.91
geom_075,178.0,135.1,458.2,1000.0,654.8,188.8,88.28,56.8,40.92,31.41
geom_076,167.7,83.81,627.4,1000.0,557.1,187.0,71.75,52.99,54.79,38.78
geom_077,193.6,140.6,577.2,1000.0,643.6,220.1,60.72,50.35,51.42,29.46
geom_078,129.3,118.2,203.7,1000.0,622.8,187.7,77.43,49.2,57.89,39.02
geom_079,169.0,103.6,695.3,1000.0,788.9,218.7,78.43,59.14,45.28,36.12
geom_080,131.3,192.3,306.6,1000.0,677.0,245.3,73.21,44.82,45.51,29.94
geom_081,165.8,198.2,426.5,1000.0,783.1,240.4,75.26,41.33,40.38,31.88
geom_082,137.7,173.8,608.8,1000.0,792.3,227.6,83.6,47.94,42.73,39.36
geom_083,129.8,72.91,544.1,1000.0,826.9,238.6,63.28,48.88,52.63,33.97
geom_084,115.2,164.8,450.0,1000.0,620.5,227.1,60.15,54.15,53.86,29.51
geom_085,123.9,127.7,322.3,1000.0,745.2,250.8,60.08,54.74,51.4,33.77
geom_086,198.8,153.1,497.1,1000.0,724.5,221.6,76.27,45.8,51.31,29.06
geom_087,193.9,113.7,509.9,1000.0,636.3,277.6,76.02,44.0,40.27,32.98
geom_088,148.1,66.33,302.6,1000.0,680.5,271.4,83.0,45.55,44.09,33.13
geom_089,195.3,134.1,510.1,1000.0,665.6,208.6,63.54,44.09,41.97,24.98
geom_090,128.3,164.9,643.7,1000.0,765.8,210.0,69.24,58.05,46.81,28.32
geom_091,178.7,50.51,671.5,1000.0,686.9,248.0,86.04,42.15,50.8,39.79
geom_092,134.6,148.4,465.3,1000.0,800.5,233.0,62.79,56.22,44.73,33.12
geom_093,177.7,158.8,321.0,1000.0,840.6,230.9,67.7,57.01,51.94,39.46
geom_094,101.7,180.7,224.4,1000.0,607.5,265.9,88.49,47.68,52.21,36.29
geom_095,162.5,151.4,540.1,1000.0,815.6,213.8,78.68,49.35,47.49,38.09
geom_096,174.0,139.9,625.1,1000.0,580.7,238.7,76.57,47.68,46.47,37.14
geom_097,191.0,178.0,397.6,1000.0,839.3,211.3,77.37,48.65,58.76,29.83
geom_098,132.2,199.9,262.9,1000.0,695.0,247.4,81.2,43.45,40.53,29.16
geom_099,119.9,78.7,358.3,1000.0,788.7,211.4,66.2,58.11,45.46,25.0
geom_100,177.0,70.21,626.9,1000.0,604.5,262.8,77.85,53.78,44.91,29.01
geom_101,149.7,153.9,463.6,1000.0,608.6,184.6,65.64,48.48,41.29,24.8
geom_102,132.5,164.4,406.3,1000.0,582.3,240.8,80.3,42.38,47.66,34.88
geom_103,116.6,134.8,395.1,1000.0,837.0,259.0,84.25,58.18,47.81,36.56
geom_104,140.3,65.58,247.5,1000.0,559.2,272.4,74.92,40.19,56.65,27.05
geom_105,158.0,176.7,343.3,1000.0,618.0,265.1,78.58,59.08,56.95,34.33
geom_106,186.0,84.12,385.1,1000.0,717.5,190.4,69.03,52.29,56.0,37.04
geom_107,139.6,162.2,612.7,1000.0,759.7,217.2,70.39,43.62,57.3,34.81
geom_108,164.9,158.7,618.9,1000.0,809.1,190.2,63.62,58.94,43.82,34.82
geom_109,170.6,143.7,579.3,1000.0,826.0,186.1,80.86,59.87,53.33,38.62
geom_110,162.9,168.2,660.9,1000.0,693.9,199.1,78.12,47.5,49.7,29.04
geom_111,134.4,59.68,205.0,1000.0,651.8,230.5,78.36,44.68,45.4,30.4
geom_112,112.5,72.67,372.4,1000.0,626.1,216.9,60.6,56.64,42.82,39.09
geom_113,196.6,102.8,654.7,1000.0,843.2,255.3,65.69,53.69,45.11,39.34
geom_114,108.5,51.19,276.3,1000.0,586.6,243.1,82.45,41.46,56.08,36.85
geom_115,146.7,178.2,387.7,1000.0,677.9,242.0,77.02,55.54,53.44,35.67
geom_116,160.5,128.4,254.3,1000.0,647.1,254.8,75.1,58.42,48.78,32.08
geom_117,116.3,90.56,437.3,1000.0,635.8,226.6,88.35,43.48,56.43,24.18
geom_118,138.2,53.18,569.0,1000.0,671.9,240.5,75.89,51.77,58.56,31.08
geom_119,194.3,193.5,418.1,1000.0,580.2,190.9,74.64,49.29,56.59,27.9
geom_120,151.2,187.6,487.7,1000.0,710.3,247.1,78.56,47.0,49.17,28.41
geom_121,104.2,163.8,330.1,1000.0,735.2,227.9,62.7,55.72,56.73,38.06
geom_122,176.3,175.5,238.5,1000.0,617.4,197.6,86.1,52.21,49.31,36.57
geom_123,179.6,74.66,632.1,1000.0,669.7,263.7,87.64,56.38,56.11,28.83
geom_124,181.7,123.8,432.8,1000.0,710.0,233.9,75.68,58.18,43.56,28.04
geom_125,113.2,54.5,603.4,1000.0,647.9,234.1,67.23,45.79,57.05,24.97
geom_126,155.0,196.7,438.1,1000.0,779.5,211.9,82.51,58.23,50.08,35.64
geom_127,106.8,93.61,454.4,1000.0,819.9,212.4,80.47,52.16,46.0,32.49
geom_128,157.1,128.3,526.5,1000.0,799.6,194.1,81.37,46.83,52.79,33.01
geom_129,186.4,112.7,613.4,1000.0,601.4,190.6,69.53,53.87,53.8,28.73
geom_130,149.5,155.3,288.4,1000.0,670.2,277.7,64.35,56.29,41.81,34.9
geom_131,197.7,105.2,260.4,1000.0,692.8,193.4,78.93,56.51,53.2,33.61
geom_132,114.8,126.8,631.1,1000.0,696.6,195.9,62.98,41.66,52.5,25.35
geom_133,123.0,132.9,549.9,1000.0,657.1,265.2,69.87,59.39,57.52,35.9
geom_134,185.8,141.3,581.6,1000.0,703.8,232.5,89.29,46.86,55.69,38.11
geom_135,179.7,109.2,664.9,1000.0,718.4,183.1,77.16,55.22,51.73,31.76
geom_136,168.3,167.8,208.2,1000.0,567.0,182.8,67.15,43.77,48.45,24.44
geom_137,175.8,134.3,267.1,1000.0,761.6,214.0,67.12,43.76,56.42,37.86
geom_138,196.1,87.12,205.6,1000.0,552.6,272.4,78.04,55.73,52.47,34.25
geom_139,131.3,196.0,607.1,1000.0,772.1,189.9,83.57,56.31,40.71,25.34
geom_140,137.9,192.1,665.8,1000.0,742.1,231.7,71.99,57.2,41.94,26.29
geom_141,159.2,57.26,647.7,1000.0,567.8,259.4,68.99,41.4,57.84,25.48
geom_142,141.6,65.63,407.8,1000.0,630.7,209.5,61.87,55.04,59.87,33.21
geom_143,191.4,182.2,598.0,1000.0,774.6,235.6,82.37,50.87,52.58,26.68
geom_144,180.9,185.1,444.7,1000.0,553.0,201.8,89.5,48.35,50.93,38.79
geom_145,102.3,170.5,326.0,1000.0,760.1,256.6,89.47,50.06,42.66,38.67
geom_146,157.9,52.28,604.5,1000.0,657.9,181.6,61.52,46.74,45.59,30.05
geom_147,151.4,52.2,321.6,1000.0,555.3,223.6,66.91,45.88,55.12,36.77
geom_148,175.0,180.5,617.8,1000.0,671.1,273.5,86.98,51.81,41.94,34.53
geom_149,186.7,179.9,472.7,1000.0,636.0,212.6,70.66,58.55,45.01,24.23
geom_150,132.8,135.3,242.6,1000.0,788.5,278.2,87.85,44.44,51.91,27.74
geom_151,196.4,68.77,622.0,1000.0,756.8,247.8,63.39,50.75,42.78,27.16
geom_152,193.8,50.42,206.6,1000.0,682.9,183.6,83.4,45.48,52.14,32.42
geom_153,195.9,155.4,445.0,1000.0,774.3,263.5,89.42,54.28,52.74,38.31
geom_154,139.5,190.0,537.0,1000.0,842.9,219.4,70.62,59.98,51.06,31.3
geom_155,184.5,183.7,581.5,1000.0,795.1,271.6,65.73,44.78,58.53,30.49
geom_156,126.4,136.8,323.5,1000.0,761.9,228.9,76.74,45.06,58.68,25.57
geom_157,101.3,189.0,545.8,1000.0,594.4,251.0,62.94,46.6,53.74,28.27
geom_158,138.5,133.9,219.2,1000.0,653.7,253.1,65.87,58.63,45.72,39.51
geom_159,191.9,66.83,603.0,1000.0,848.0,187.0,86.77,47.65,56.87,33.53
geom_160,127.0,173.6,485.4,1000.0,739.9,202.0,85.14,40.06,57.7,26.25
geom_161,196.0,62.35,670.2,1000.0,785.8,240.2,63.15,42.17,48.89,32.02
geom_162,118.1,95.93,213.4,1000.0,652.7,250.0,88.83,41.74,52.49,35.49
geom_163,131.6,136.6,535.5,1000.0,727.9,219.6,69.8,52.1,49.66,31.61
geom_164,123.7,156.6,526.4,1000.0,604.7,259.5,60.05,56.24,58.43,37.01
geom_165,194.1,108.0,265.4,1000.0,839.1,226.7,68.44,55.58,56.74,39.42
geom_166,190.9,81.74,609.4,1000.0,719.6,227.2,89.2,55.22,46.28,35.97
geom_167,170.4,137.0,405.6,1000.0,616.5,268.7,88.86,53.58,56.89,26.52
geom_168,156.5,171.9,315.5,1000.0,614.6,202.2,70.69,49.94,49.78,36.24
geom_169,127.3,132.0,588.0,1000.0,818.3,200.3,78.96,42.55,56.34,35.31
geom_170,118.8,154.2,695.8,1000.0,563.1,192.6,85.31,49.94,42.47,38.4
geom_171,152.6,190.6,370.1,1000.0,845.2,183.4,61.92,57.59,59.24,38.8
geom_172,137.1,140.2,547.5,1000.0,632.9,226.8,66.7,48.71,56.24,37.58
geom_173,160.8,187.5,287.0,1000.0,584.7,189.7,61.35,44.27,54.7,38.36
geom_174,158.9,163.3,225.2,1000.0,836.8,223.9,86.53,41.25,44.08,37.43
geom_175,103.0,127.9,689.6,1000.0,719.9,269.1,77.29,43.36,41.05,37.02
geom_176,101.0,141.7,285.1,1000.0,655.9,269.8,88.14,53.05,55.36,26.05
geom_177,198.2,191.1,587.3,1000.0,630.9,231.8,71.9,52.49,57.18,26.01
geom_178,156.2,85.08,350.0,1000.0,698.7,195.8,87.02,44.12,49.48,24.01
geom_179,188.2,159.3,644.0,1000.0,804.1,212.9,72.36,54.36,43.46,38.05
geom_180,107.7,144.8,461.2,1000.0,804.1,236.3,78.32,55.46,42.7,38.84
geom_181,115.8,174.3,202.2,1000.0,613.9,188.7,85.26,55.04,47.54,28.1
geom_182,126.0,182.9,650.4,1000.0,556.8,190.3,79.44,46.28,48.63,36.05
geom_183,106.9,135.5,275.6,1000.0,597.9,202.6,80.06,47.44,54.02,29.78
geom_184,136.3,79.54,431.5,1000.0,763.2,277.0,82.34,57.62,58.49,34.08
geom_185,153.7,177.9,666.1,1000.0,726.4,271.3,89.36,57.12,44.35,36.74
geom_186,136.7,62.69,532.6,1000.0,726.8,185.5,78.9,57.15,41.66,32.26
geom_187,118.9,107.3,620.1,1000.0,798.1,221.9,72.51,57.73,56.18,25.26
geom_188,122.4,89.51,518.0,1000.0,707.5,252.7,84.03,49.36,57.07,33.16
geom_189,178.2,161.6,663.4,1000.0,775.5,278.2,64.13,49.54,53.24,28.22
geom_190,105.8,176.3,598.6,1000.0,662.7,274.0,68.85,49.9,57.82,27.27
geom_191,148.7,105.2,377.2,1000.0,723.8,198.5,86.31,46.56,54.26,31.14
geom_192,112.9,186.9,237.8,1000.0,791.1,198.4,70.79,44.01,43.45,36.89
geom_193,146.2,137.3,580.8,1000.0,835.8,257.9,73.57,55.86,45.23,28.69
geom_194,121.3,121.1,541.7,1000.0,796.8,197.9,61.96,55.53,45.79,26.13
geom_195,132.4,152.8,410.1,1000.0,717.1,182.1,76.4,40.31,55.32,28.92
geom_196,118.9,182.5,468.5,1000.0,592.0,231.0,77.25,54.42,53.89,32.53
geom_197,197.8,56.02,611.2,1000.0,722.5,271.5,77.45,42.92,44.98,36.51
geom_198,171.8,169.0,590.2,1000.0,599.9,248.9,75.33,52.71,48.12,37.76
geom_199,159.5,173.1,588.1,1000.0,592.3,207.9,89.53,56.73,43.49,39.44
geom_200,174.5,136.5,694.2,1000.0,768.6,205.3,72.95,40.51,56.98,29.18
geom_201,182.6,67.37,680.3,1000.0,782.7,273.3,81.62,58.59,41.51,33.05
geom_202,176.8,152.0,597.2,1000.0,698.5,234.1,81.83,41.5,47.69,34.72
geom_203,115.5,110.1,440.7,1000.0,810.6,245.5,76.87,49.74,47.36,35.12
geom_204,150.4,188.1,486.0,1000.0,735.6,184.1,73.63,45.07,59.31,38.5
geom_205,198.8,144.6,333.5,1000.0,600.7,225.8,64.23,49.98,40.84,25.9
geom_206,141.6,54.12,682.1,1000.0,670.8,236.0,60.67,51.46,50.55,28.12
geom_207,158.4,103.0,476.8,1000.0,700.3,274.9,67.29,52.06,47.2,31.05
geom_208,153.6,113.4,676.8,1000.0,780.5,280.0,83.39,55.63,56.01,29.87
geom_209,102.8,184.5,578.3,1000.0,785.7,188.4,70.99,54.97,47.94,35.43
geom_210,124.1,55.57,684.2,1000.0,583.5,253.8,83.97,51.09,48.16,26.09
geom_211,104.8,55.93,523.9,1000.0,728.5,245.7,89.67,54.78,48.95,26.84
geom_212,166.6,166.8,639.5,1000.0,756.1,242.9,70.85,50.08,57.42,36.04
geom_213,199.0,162.3,693.0,1000.0,664.1,216.5,63.91,52.5,55.94,39.37
geom_214,107.7,82.47,488.8,1000.0,778.0,268.4,89.59,49.58,53.96,37.53
geom_215,170.6,188.6,284.9,1000.0,732.3,223.2,81.04,50.81,58.83,37.94
geom_216,146.0,135.9,473.4,1000.0,567.5,209.0,86.48,52.32,40.74,34.07
geom_217,143.6,52.66,409.2,1000.0,643.6,181.0,77.18,53.45,52.61,27.44
geom_218,100.2,184.9,283.0,1000.0,759.4,191.2,84.76,42.94,50.62,33.42
geom_219,198.1,144.4,272.4,1000.0,731.4,204.1,83.89,43.06,55.04,35.33
geom_220,120.8,90.48,394.8,1000.0,762.6,221.0,74.8,45.75,47.65,39.66
geom_221,168.4,124.1,392.1,1000.0,680.0,256.8,64.06,45.1,58.25,26.46
geom_222,100.6,179.6,475.4,1000.0,822.2,214.4,79.91,40.09,48.94,39.31
geom_223,192.5,106.9,605.2,1000.0,637.9,244.9,85.1,58.28,42.41,30.93
geom_224,181.3,79.82,582.6,1000.0,612.5,182.8,86.86,54.48,53.7,25.18
geom_225,185.6,127.3,246.6,1000.0,564.4,248.5,76.52,47.35,46.61,27.68
geom_226,175.5,122.3,469.7,1000.0,812.2,267.5,66.85,46.3,44.54,27.35
geom_227,144.9,112.4,481.5,1000.0,754.4,252.9,87.54,52.38,46.69,38.59
geom_228,104.2,164.1,698.5,1000.0,746.2,260.1,89.08,52.8,55.07,24.34
geom_229,133.6,142.1,549.1,1000.0,641.1,277.8,63.88,44.61,43.42,32.77
geom_230,148.8,130.8,387.0,1000.0,715.0,254.4,61.5,57.48,42.97,26.29
geom_231,128.1,142.6,478.5,1000.0,821.1,229.8,73.6,46.07,56.63,39.15
geom_232,149.0,139.4,331.5,1000.0,561.2,222.4,86.39,45.34,55.45,39.43
geom_233,165.4,190.2,408.4,1000.0,633.5,277.4,81.29,50.46,46.15,37.51
geom_234,112.6,50.12,341.1,1000.0,641.4,222.7,64.48,56.61,54.07,36.39
geom_235,190.9,171.8,360.8,1000.0,575.7,230.0,62.22,47.99,57.61,34.35
geom_236,200.0,151.3,320.3,1000.0,558.7,274.0,72.03,53.97,58.64,32.0
geom_237,110.7,180.2,283.6,1000.0,583.3,239.0,73.35,48.37,44.88,27.11
geom_238,118.7,147.2,367.6,1000.0,587.4,185.3,85.65,44.35,48.5,32.57
geom_239,181.2,159.9,293.9,1000.0,589.7,235.1,83.01,44.14,59.67,39.63
geom_240,135.9,64.1,352.0,1000.0,697.4,200.5,79.23,44.47,46.86,30.24
geom_241,182.3,79.32,499.8,1000.0,629.3,183.1,64.05,52.34,57.59,30.91
geom_242,154.5,112.0,380.5,1000.0,809.6,243.7,60.2,55.79,50.05,32.31
geom_243,128.5,185.7,289.8,1000.0,769.5,180.8,84.49,54.77,47.02,28.29
geom_244,167.0,50.19,386.1,1000.0,805.0,226.9,61.18,50.9,43.94,31.82
geom_245,140.1,137.7,534.0,1000.0,580.5,209.4,72.62,45.59,54.18,25.37
geom_246,139.9,71.47,418.9,1000.0,823.8,251.9,67.63,41.03,45.17,36.32
geom_247,110.0,74.33,646.5,1000.0,627.3,202.3,86.11,58.39,47.77,36.01
geom_248,132.5,156.7,309.1,1000.0,655.0,272.0,78.74,51.0,48.28,35.99
geom_249,198.3,162.4,387.1,1000.0,617.6,221.0,64.42,50.56,53.71,26.73
geom_250,141.8,76.28,683.8,1000.0,577.1,196.2,68.43,54.04,53.52,27.83
geom_251,108.6,195.4,212.0,1000.0,754.9,253.7,76.13,45.62,43.62,27.37
geom_252,193.1,147.5,576.6,1000.0,590.4,214.8,72.93,40.38,42.85,27.5
geom_253,127.5,55.36,553.8,1000.0,834.9,236.7,74.17,45.99,41.34,32.1
geom_254,106.3,92.51,249.3,1000.0,832.3,263.9,85.14,47.2,56.5,38.47
geom_255,109.2,68.28,229.6,1000.0,841.3,181.5,60.84,42.22,58.89,24.92
geom_256,175.1,104.1,227.1,1000.0,812.1,243.3,65.44,54.26,40.76,24.78
geom_257,101.2,122.1,540.5,1000.0,563.3,275.3,68.52,46.24,53.29,36.16
geom_258,106.6,54.81,535.8,1000.0,627.5,271.8,76.41,55.13,48.2,38.76
geom_259,174.4,97.09,691.1,1000.0,793.1,219.1,75.81,41.87,54.55,36.46
geom_260,181.8,114.6,235.8,1000.0,617.1,275.5,86.94,49.51,46.18,35.2
geom_261,148.7,196.4,261.0,1000.0,568.9,246.8,73.9,51.08,49.62,38.26
geom_262,199.4,77.06,409.9,1000.0,785.4,224.5,68.1,49.7,45.81,34.64
geom_263,167.7,118.6,617.0,1000.0,704.4,206.1,76.32,48.54,49.35,30.33
geom_264,107.6,147.3,521.1,1000.0,667.4,232.8,70.1,48.38,54.19,36.37
geom_265,158.8,66.02,536.4,1000.0,550.8,247.2,71.31,49.05,48.28,36.36
geom_266,146.1,125.7,477.4,1000.0,699.2,250.7,69.56,40.55,45.04,28.62
geom_267,169.7,188.3,658.1,1000.0,644.7,194.5,88.08,46.17,49.14,33.14
geom_268,195.5,88.57,612.4,1000.0,832.8,221.4,89.57,51.37,42.21,33.43
geom_269,113.5,106.2,219.0,1000.0,681.0,246.2,72.41,44.97,53.12,26.87
geom_270,190.0,166.1,654.3,1000.0,826.6,219.7,74.74,41.96,40.95,25.52
geom_271,111.7,98.53,689.2,1000.0,610.6,270.4,61.41,43.88,47.45,37.96
geom_272,148.6,196.2,494.5,1000.0,829.2,226.1,72.54,49.02,46.06,36.47
geom_273,132.0,130.0,406.8,1000.0,578.8,199.2,69.94,59.37,56.46,30.56
geom_274,168.8,77.91,459.7,1000.0,803.5,277.5,72.99,46.06,54.73,24.15
geom_275,133.2,180.0,673.7,1000.0,729.2,261.5,82.19,46.03,40.19,31.39
geom_276,199.7,112.3,338.6,1000.0,693.6,241.6,64.74,45.92,55.91,35.6
geom_277,180.5,85.6,567.1,1000.0,554.0,204.8,86.0,50.68,50.2,25.8
geom_278,181.3,168.9,695.0,1000.0,715.6,229.3,80.74,48.96,54.21,37.44
geom_279,178.5,73.65,419.7,1000.0,553.5,275.9,70.56,44.04,52.83,25.7
geom_280,157.3,153.3,271.6,1000.0,747.5,274.3,73.03,59.23,49.53,33.88
geom_281,180.3,73.19,566.2,1000.0,821.4,216.1,63.58,48.63,53.17,31.75
geom_282,185.9,108.8,593.6,1000.0,705.1,274.5,78.69,48.66,52.75,36.09
geom_283,141.2,186.5,619.1,1000.0,689.7,267.0,75.32,47.21,58.14,39.58
geom_284,160.4,151.0,516.6,1000.0,644.4,213.0,87.61,40.14,43.67,25.09
geom_285,169.8,90.88,600.1,1000.0,577.4,222.1,77.51,40.23,51.34,35.76
geom_286,100.0,78.49,263.7,1000.0,789.8,233.1,76.68,49.73,46.62,36.77
geom_287,192.8,145.5,671.9,1000.0,642.1,239.2,60.45,54.12,50.57,25.38
geom_288,135.4,178.4,606.3,1000.0,679.7,219.1,79.38,52.73,55.73,34.39
geom_289,136.4,181.9,381.3,1000.0,744.2,180.6,68.91,57.76,40.21,30.71
geom_290,192.7,69.3,350.8,1000.0,565.7,231.9,64.65,53.38,55.24,31.36
geom_291,198.0,53.48,494.7,1000.0,634.9,253.6,68.46,53.29,58.75,24.27
geom_292,132.8,99.48,520.8,1000.0,624.6,264.7,79.29,51.67,49.4,27.51
geom_293,128.3,131.9,361.8,1000.0,631.8,266.7,75.85,51.69,59.52,39.24
geom_294,158.2,156.9,440.3,1000.0,726.5,224.5,65.99,41.09,55.77,36.34
geom_295,140.8,154.1,381.0,1000.0,696.0,244.0,63.1,54.71,44.22,29.56
geom_296,197.2,84.49,254.7,1000.0,595.1,207.3,65.4,55.8,43.18,24.75
geom_297,110.9,134.5,215.5,1000.0,722.2,222.0,64.88,43.25,46.98,34.02
geom_298,154.8,119.3,299.8,1000.0,740.6,207.2,80.15,41.63,57.23,39.85
geom_299,116.1,124.9,399.2,1000.0,688.8,225.4,79.96,58.88,41.08,30.34
geom_300,163.5,136.2,683.4,1000.0,761.4,260.8,70.2,41.14,57.36,33.48
geom_301,116.8,56.87,304.1,1000.0,593.5,271.1,78.41,55.97,52.71,32.17
geom_302,190.5,111.9,351.6,1000.0,557.4,244.5,74.53,46.27,41.7,39.7
geom_303,173.1,132.4,251.1,1000.0,777.0,205.6,81.23,48.78,48.14,38.75
geom_304,149.0,78.32,537.9,1000.0,739.6,184.3,84.27,47.93,50.01,35.02
geom_305,186.6,113.0,315.0,1000.0,662.1,249.3,71.39,52.26,54.75,39.48
geom_306,162.2,89.83,260.0,1000.0,598.8,220.8,80.38,59.48,59.11,29.2
geom_307,161.9,104.0,688.3,1000.0,620.0,208.6,73.52,50.21,55.46,38.13
geom_308,111.8,119.4,303.9,1000.0,644.1,235.2,66.76,50.79,59.18,28.54
geom_309,196.5,82.12,657.0,1000.0,645.2,223.2,66.81,57.08,43.34,36.59
geom_310,107.1,132.6,663.7,1000.0,579.3,211.9,66.07,40.04,47.76,34.32
geom_311,176.5,128.1,443.3,1000.0,656.4,263.5,89.19,50.06,48.67,28.99
geom_312,121.1,118.8,466.0,1000.0,813.7,208.2,85.53,48.91,46.17,24.29
geom_313,113.0,161.3,270.6,1000.0,621.8,249.7,61.32,57.23,42.91,38.66
geom_314,151.9,109.9,546.3,1000.0,774.1,195.6,79.01,44.32,44.18,29.37
geom_315,147.0,86.27,323.6,1000.0,777.3,279.8,81.09,45.15,48.02,38.71
geom_316,149.9,177.0,326.9,1000.0,557.9,227.3,62.74,57.66,59.44,25.91
geom_317,107.3,180.3,396.7,1000.0,796.2,209.2,65.75,44.07,58.05,38.03
geom_318,111.8,140.0,430.5,1000.0,582.0,210.3,73.47,45.97,54.16,33.03
geom_319,122.5,159.1,679.4,1000.0,627.0,230.3,80.03,53.64,53.0,37.55
geom_320,183.6,166.3,232.2,1000.0,578.0,229.5,70.02,48.69,55.44,31.0
geom_321,173.3,150.7,200.6,1000.0,784.2,209.8,76.45,44.58,46.48,27.38
geom_322,118.2,52.04,238.0,1000.0,751.2,206.4,65.95,56.93,55.84,37.74
geom_323,162.4,145.1,564.7,1000.0,743.7,186.7,81.99,44.59,56.6,33.89
geom_324,190.2,150.9,225.7,1000.0,634.0,262.3,88.25,41.14,51.27,26.8
geom_325,192.9,57.43,256.7,1000.0,658.9,246.1,61.75,44.21,58.73,25.83
geom_326,164.7,139.2,645.6,1000.0,786.8,256.3,67.57,43.34,47.99,25.82
geom_327,115.2,183.4,376.6,1000.0,560.3,241.1,64.45,55.51,46.79,32.33
geom_328,189.2,62.84,471.6,1000.0,682.5,225.0,87.49,42.84,48.91,28.95
geom_329,105.8,100.5,552.7,1000.0,835.1,211.5,69.13,57.58,45.94,39.65
geom_330,143.5,142.0,679.7,1000.0,777.6,245.5,69.82,54.63,59.74,34.19
geom_331,166.2,167.2,677.2,1000.0,745.5,269.6,73.23,48.12,51.36,38.87
geom_332,150.7,65.04,423.6,1000.0,690.4,241.0,78.25,53.31,44.75,31.85
geom_333,167.1,113.2,479.5,1000.0,776.1,197.1,82.84,54.21,41.9,35.33
geom_334,150.0,119.9,363.9,1000.0,596.6,267.7,89.24,46.8,58.01,24.03
geom_335,110.7,58.26,353.7,1000.0,831.5,279.6,83.83,50.94,48.6,27.53
geom_336,170.5,119.0,648.9,1000.0,807.3,180.1,68.61,59.96,40.48,34.22
geom_337,134.0,77.24,504.2,1000.0,662.3,203.2,86.76,52.6,48.84,24.36
geom_338,170.1,83.65,610.4,1000.0,813.5,270.4,85.0,49.2,56.44,33.45
geom_339,155.8,193.0,379.1,1000.0,711.0,187.1,86.19,47.62,55.13,30.96
geom_340,189.6,116.4,552.4,1000.0,665.2,195.7,62.56,59.59,43.75,31.33
geom_341,150.4,153.7,460.5,1000.0,830.1,193.1,68.21,56.95,46.43,27.55
geom_342,113.7,70.9,467.0,1000.0,654.0,266.4,80.09,50.23,58.09,25.49
geom_343,126.6,195.8,460.3,1000.0,819.2,243.4,65.22,58.57,50.41,39.1
geom_344,197.0,175.1,529.4,1000.0,742.5,203.5,88.77,48.42,46.08,32.89
geom_345,159.4,105.0,271.4,1000.0,554.4,207.6,79.75,44.72,53.03,29.97
geom_346,160.0,115.6,243.2,1000.0,737.8,194.2,81.31,51.71,54.7,36.61
geom_347,144.2,106.0,213.7,1000.0,610.5,235.0,78.84,46.71,52.17,34.3
geom_348,107.5,55.77,293.2,1000.0,687.6,275.1,72.42,52.83,50.36,36.59
geom_349,121.7,154.5,346.3,1000.0,830.6,196.3,89.0,48.19,43.07,31.96
geom_350,185.3,67.21,544.9,1000.0,630.3,267.2,87.29,53.42,51.74,30.03
geom_351,125.6,146.7,666.6,1000.0,809.2,185.7,86.64,52.58,58.37,32.84
geom_352,155.7,130.4,371.5,1000.0,628.3,237.2,61.68,52.78,44.63,37.41
geom_353,129.0,117.9,269.5,1000.0,787.7,273.0,63.75,53.17,56.29,27.78
geom_354,183.1,197.3,498.6,1000.0,779.9,231.4,62.94,40.11,49.04,32.23
geom_355,117.1,121.7,527.4,1000.0,586.8,231.8,74.24,48.45,56.84,38.17
geom_356,135.6,147.7,453.0,1000.0,696.7,201.6,71.15,41.24,43.54,35.45
geom_357,126.1,166.9,249.7,1000.0,653.4,241.5,69.02,47.9,41.78,31.11
geom_358,103.6,122.9,628.3,1000.0,795.3,261.2,62.49,53.51,57.38,38.53
geom_359,182.9,98.76,313.8,1000.0,558.7,234.6,87.58,41.35,42.68,25.45
geom_360,198.4,107.8,417.5,1000.0,840.1,231.4,80.42,53.98,54.9,31.79
geom_361,111.5,120.1,207.3,1000.0,672.7,236.3,66.33,43.3,59.95,32.21
geom_362,144.5,127.7,402.1,1000.0,807.5,202.7,76.84,54.94,48.38,33.83
geom_363,155.6,124.5,349.2,1000.0,601.8,279.6,76.48,55.89,49.79,24.3
geom_364,111.3,181.4,208.6,1000.0,814.9,272.6,60.36,44.37,52.77,34.71
geom_365,118.0,189.5,357.0,1000.0,842.0,212.1,84.61,58.52,41.14,37.91
geom_366,180.0,105.7,239.3,1000.0,595.9,183.9,85.49,40.85,55.18,37.78
geom_367,181.4,160.3,493.6,1000.0,814.6,239.1,60.48,42.03,41.27,28.57
geom_368,172.7,191.3,419.3,1000.0,647.5,180.1,77.61,57.31,40.5,30.3
geom_369,169.1,56.37,224.8,1000.0,722.7,222.3,86.95,58.99,52.41,27.25
geom_370,106.3,74.87,645.1,1000.0,582.8,252.5,77.95,42.37,47.56,35.96
geom_371,155.3,155.7,404.5,1000.0,698.9,202.2,86.27,58.26,43.58,38.89
geom_372,156.1,92.63,221.7,1000.0,713.6,186.0,76.79,46.19,54.23,25.55
geom_373,157.5,190.3,328.1,1000.0,570.0,239.7,65.17,43.84,54.84,24.06
geom_374,192.0,121.5,300.8,1000.0,704.7,184.8,85.45,48.76,52.0,24.68
geom_375,177.9,97.62,434.6,1000.0,700.8,258.8,63.08,45.17,58.34,26.75
geom_376,129.9,100.9,348.9,1000.0,613.3,213.1,68.83,40.27,49.45,34.11
geom_377,116.8,142.7,427.2,1000.0,766.5,269.4,81.48,46.82,53.66,25.6
geom_378,149.1,61.09,548.2,1000.0,829.3,192.4,70.33,50.78,52.23,24.17
geom_379,172.0,86.12,223.7,1000.0,801.8,186.3,69.76,57.35,53.53,29.41
geom_380,170.0,197.6,512.5,1000.0,658.1,275.2,78.77,53.23,42.11,32.8
geom_381,184.1,54.25,248.7,1000.0,626.7,197.4,66.9,56.04,40.12,29.03
geom_382,134.2,162.9,545.4,1000.0,712.2,222.9,74.12,55.92,55.33,34.78
geom_383,149.3,175.2,360.1,1000.0,799.6,260.5,84.93,51.1,47.04,36.81
geom_384,137.5,150.1,570.2,1000.0,619.2,219.8,79.77,49.41,46.64,32.9
geom_385,180.3,63.13,244.6,1000.0,744.9,234.6,69.69,45.27,48.74,34.1
geom_386,147.8,97.25,371.7,1000.0,571.8,233.2,82.43,45.94,45.29,35.41
geom_387,154.5,157.0,372.9,1000.0,573.3,243.4,68.14,53.48,44.14,27.69
geom_388,126.1,160.5,477.8,1000.0,556.1,181.9,65.01,40.02,57.94,34.35
geom_389,148.3,80.05,542.6,1000.0,791.8,187.9,76.55,59.75,55.81,26.59
geom_390,125.8,197.0,214.3,1000.0,649.3,212.6,87.71,44.53,55.41,27.88
geom_391,147.9,153.6,217.7,1000.0,765.1,267.0,84.67,47.79,57.24,30.1
geom_392,101.9,159.0,335.6,1000.0,567.4,262.6,68.35,42.74,42.25,28.8
geom_393,155.1,174.9,592.5,1000.0,844.7,267.2,77.64,41.07,58.28,30.32
geom_394,186.4,176.8,244.1,1000.0,755.7,270.2,75.18,52.05,43.87,25.18
geom_395,112.2,108.8,417.0,1000.0,694.8,199.8,70.38,58.35,50.72,37.19
geom_396,187.5,132.7,439.6,1000.0,803.2,264.2,62.72,51.9,41.09,25.97
geom_397,124.9,91.19,546.7,1000.0,808.4,191.5,79.19,44.42,58.03,35.57
geom_398,132.6,101.2,364.2,1000.0,589.2,247.7,73.08,44.94,55.55,26.92
geom_399,138.2,105.8,525.3,1000.0,747.3,201.6,71.56,55.7,47.9,35.19
geom_400,109.7,180.8,336.3,1000.0,600.9,212.8,77.49,49.85,43.36,25.06
geom_401,115.5,139.8,426.4,1000.0,707.6,269.0,69.21,45.48,55.57,30.69
geom_402,109.0,169.8,319.1,1000.0,733.0,274.9,83.75,45.53,47.1,39.58
geom_403,124.4,95.39,355.8,1000.0,611.8,251.3,85.58,56.47,51.63,27.02
geom_404,135.2,148.0,376.3,1000.0,675.7,257.5,76.17,51.16,50.84,29.4
geom_405,174.7,187.1,487.2,1000.0,713.9,211.2,84.18,40.9,57.67,30.9
geom_406,129.4,90.75,334.1,1000.0,550.4,203.9,70.8,54.01,57.76,24.46
geom_407,199.5,117.3,204.0,1000.0,721.9,265.6,70.65,50.71,41.12,26.32
geom_408,143.8,96.83,228.7,1000.0,623.4,227.2,61.9,53.8,55.19,38.96
geom_409,114.0,87.4,471.4,1000.0,648.6,278.8,63.79,42.87,40.68,36.41
geom_410,158.1,172.5,313.4,1000.0,577.0,220.3,90.0,50.44,50.44,38.58
geom_411,161.6,114.8,516.3,1000.0,615.1,269.2,62.84,58.0,52.94,24.6
geom_412,141.2,61.51,220.2,1000.0,839.7,265.8,64.51,53.0,51.42,35.07
geom_413,127.0,158.1,642.3,1000.0,599.6,238.7,79.83,54.7,57.68,24.76
geom_414,141.1,86.98,662.5,1000.0,758.4,252.3,77.07,55.83,54.58,39.89
geom_415,138.0,80.25,277.1,1000.0,776.4,230.1,65.41,43.13,45.55,24.88
geom_416,138.9,108.1,287.2,1000.0,642.7,261.0,82.31,58.14,42.13,34.46
geom_417,108.9,171.1,233.7,1000.0,716.0,237.6,84.84,45.67,42.34,34.76
geom_418,162.0,76.17,434.1,1000.0,789.6,232.6,84.87,47.72,40.82,28.67
geom_419,159.2,142.9,217.3,1000.0,792.8,273.2,85.67,54.44,55.52,35.69
geom_420,147.3,119.8,370.8,1000.0,746.4,270.6,68.18,57.88,54.11,39.72
geom_421,162.5,67.01,603.7,1000.0,744.5,199.8,64.81,41.51,49.01,26.54
geom_422,195.1,120.9,462.1,1000.0,811.0,189.0,62.39,52.66,42.06,39.32
geom_423,150.9,111.2,305.1,1000.0,606.6,244.7,82.56,48.81,45.32,29.48
geom_424,153.3,110.7,209.6,1000.0,837.6,264.7,85.21,53.36,58.36,38.18
geom_425,119.2,53.15,528.5,1000.0,558.3,265.5,67.01,43.04,57.88,35.71
geom_426,102.5,189.9,438.8,1000.0,637.4,216.3,60.16,42.49,50.47,26.58
geom_427,160.4,179.0,284.0,1000.0,810.3,237.8,72.75,44.74,59.09,33.66
geom_428,128.0,149.2,595.2,1000.0,560.0,238.8,89.03,45.2,48.41,29.32
geom_429,142.6,155.9,574.9,1000.0,635.1,206.8,66.69,52.89,40.15,34.96
geom_430,194.6,179.4,422.5,1000.0,609.2,250.5,84.65,44.2,50.67,26.83
geom_431,189.8,146.8,505.4,1000.0,738.6,230.2,84.12,56.05,58.11,32.74
geom_432,168.1,141.6,515.7,1000.0,732.7,257.8,64.01,52.95,56.58,24.46
geom_433,111.5,139.4,649.1,1000.0,703.0,219.3,81.46,45.57,57.45,32.45
geom_434,135.9,181.5,573.3,1000.0,710.7,210.7,88.66,59.64,54.53,28.08
geom_435,145.4,65.88,534.3,1000.0,603.5,212.4,74.6,46.37,49.62,28.82
geom_436,138.9,115.0,495.6,1000.0,760.8,246.9,67.68,44.62,43.79,34.2
geom_437,184.9,192.8,353.3,1000.0,737.1,229.6,67.74,42.44,50.95,33.51
geom_438,121.3,85.88,556.0,1000.0,720.6,270.7,71.23,59.12,49.89,36.24
geom_439,194.0,66.08,201.9,1000.0,802.8,192.2,88.46,41.7,57.28,33.96
geom_440,174.4,115.2,402.5,1000.0,621.6,193.0,69.48,42.65,49.74,29.08
geom_441,199.2,67.68,307.8,1000.0,750.3,266.9,68.61,49.23,56.92,33.93
geom_442,114.3,59.47,668.5,1000.0,758.6,191.3,85.28,55.48,51.66,32.2
geom_443,194.3,109.5,312.2,1000.0,607.0,196.9,70.48,56.36,53.05,37.38
geom_444,177.8,131.0,393.8,1000.0,775.7,182.7,62.13,59.69,44.29,32.04
geom_445,146.9,102.0,274.8,1000.0,793.4,258.7,65.06,41.77,57.21,25.22
geom_446,133.8,158.3,631.9,1000.0,562.2,261.0,85.34,41.57,47.14,24.67
geom_447,129.4,103.4,464.8,1000.0,607.2,267.6,71.44,40.25,59.08,29.52
geom_448,162.8,146.0,681.5,1000.0,713.3,218.2,75.77,55.14,48.97,27.46
geom_449,107.2,190.8,415.9,1000.0,730.5,233.5,82.1,46.96,46.93,30.5
geom_450,174.1,100.4,403.2,1000.0,833.7,217.8,60.4,53.59,52.99,27.08
geom_451,187.2,94.99,222.9,1000.0,684.0,276.0,85.87,58.54,43.11,39.93
geom_452,120.5,121.4,287.5,1000.0,838.4,257.2,69.08,51.62,59.85,35.1
geom_453,163.3,93.94,567.8,1000.0,806.3,193.7,81.24,55.66,46.67,26.14
geom_454,140.7,171.5,569.8,1000.0,649.2,183.6,81.74,55.2,40.3,34.84
geom_455,109.0,168.7,572.0,1000.0,664.5,270.2,82.94,54.74,42.56,34.38
geom_456,136.1,62.26,390.9,1000.0,770.6,259.6,77.22,41.7,53.98,36.29
geom_457,159.6,63.62,275.5,1000.0,675.5,203.4,73.19,56.8,51.47,35.05
geom_458,143.3,86.78,401.1,1000.0,737.9,235.8,89.05,53.66,40.45,33.31
geom_459,157.6,105.6,259.3,1000.0,847.7,201.4,83.94,54.57,44.87,32.25
geom_460,101.6,76.68,403.7,1000.0,768.2,239.0,76.23,59.09,59.21,24.03
geom_461,161.0,164.0,236.6,1000.0,659.7,232.4,89.13,49.17,48.2,34.85
geom_462,135.8,80.89,508.3,1000.0,560.7,240.7,80.26,40.98,57.34,39.0
geom_463,127.7,151.8,655.4,1000.0,686.5,198.8,74.2,52.35,45.34,30.25
geom_464,147.5,160.8,688.6,1000.0,821.7,231.2,71.28,55.91,59.73,31.64
geom_465,168.7,129.1,226.2,1000.0,824.6,185.6,77.09,59.02,42.09,29.14
geom_466,139.6,148.2,572.2,1000.0,576.4,234.2,62.02,40.96,45.88,25.3
geom_467,165.0,176.2,209.3,1000.0,597.2,252.8,82.11,45.77,43.85,35.4
geom_468,106.1,99.91,354.4,1000.0,575.0,229.5,71.72,50.12,57.55,28.17
geom_469,186.3,159.7,672.3,1000.0,648.4,185.7,61.42,59.99,41.2,32.53
geom_470,137.1,85.34,669.2,1000.0,781.6,221.2,72.3,49.25,44.58,26.06
geom_471,135.6,186.2,662.5,1000.0,574.2,260.7,83.53,59.22,50.31,29.24
geom_472,110.1,118.3,339.9,1000.0,553.8,236.5,81.69,45.7,58.93,37.98
geom_473,182.1,69.53,585.6,1000.0,751.6,204.4,82.72,52.37,45.37,31.23
geom_474,112.8,91.8,559.6,1000.0,685.1,187.2,67.94,59.27,57.95,27.96
geom_475,151.3,188.7,310.8,1000.0,756.6,186.3,79.98,58.0,43.76,34.78
geom_476,186.6,70.54,493.0,1000.0,697.1,274.6,73.79,58.13,52.86,29.91
geom_477,142.2,178.3,302.0,1000.0,660.8,275.7,75.59,58.84,59.91,30.59
geom_478,151.9,184.0,245.9,1000.0,578.4,236.5,70.08,40.01,52.89,29.67
geom_479,110.6,124.0,428.6,1000.0,685.7,207.4,66.33,50.86,50.14,31.13
geom_480,134.7,145.4,470.9,1000.0,646.0,217.7,81.57,55.34,54.9,26.55
geom_481,199.9,94.09,450.5,1000.0,668.9,258.6,70.01,43.97,52.19,33.37
geom_482,116.4,135.7,320.8,1000.0,646.3,262.9,62.65,56.13,48.47,27.92
geom_483,187.1,146.6,342.2,1000.0,634.3,194.6,86.13,47.83,40.62,28.48
geom_484,104.7,120.5,398.8,1000.0,676.5,208.8,63.84,41.05,48.65,25.28
geom_485,170.3,138.5,571.2,1000.0,708.4,250.9,64.56,47.05,59.56,26.93
geom_486,103.3,116.9,697.2,1000.0,765.2,219.9,76.97,46.39,40.07,32.07
geom_487,182.3,174.2,337.4,1000.0,566.1,279.1,80.96,56.46,48.08,30.38
geom_488,170.9,192.8,626.0,1000.0,842.5,215.1,83.44,59.05,50.58,31.23
geom_489,142.9,99.25,538.8,1000.0,599.4,228.7,60.76,59.41,50.11,24.63
geom_490,136.8,167.5,685.7,1000.0,585.4,239.9,88.7,50.19,56.03,28.06
geom_491,153.2,91.1,585.4,1000.0,744.0,208.8,60.66,48.0,40.38,33.55
geom_492,195.0,164.6,652.7,1000.0,805.9,191.9,82.02,50.28,51.93,36.68
geom_493,120.9,119.1,234.7,1000.0,791.4,256.9,75.08,42.12,58.4,30.61
geom_494,163.7,100.6,378.2,1000.0,568.8,185.4,69.73,59.85,42.92,36.72
geom_495,188.1,92.02,441.9,1000.0,771.5,216.1,66.42,46.22,50.92,39.83
geom_496,102.6,117.5,329.0,1000.0,748.7,193.3,81.87,48.88,51.69,31.94
geom_497,172.5,78.2,519.9,1000.0,692.7,266.2,66.26,53.49,54.82,24.11
geom_498,187.6,71.09,437.8,1000.0,649.8,204.6,87.09,57.25,49.92,30.21
geom_499,152.2,178.8,342.9,1000.0,833.4,207.6,77.57,40.64,51.22,24.54
geom_500,119.7,83.13,548.9,1000.0,706.0,214.1,79.14,51.57,46.12,35.25
geom_501,164.3,129.4,391.1,1000.0,660.6,234.5,69.6,53.93,51.53,25.56
geom_502,168.9,168.5,485.0,1000.0,822.5,180.5,80.57,40.4,48.34,31.4
geom_503,173.7,157.2,301.0,1000.0,602.2,265.4,80.5,40.69,49.96,26.66
geom_504,110.2,90.0,514.6,1000.0,716.7,232.9,69.36,41.36,52.58,24.12
geom_505,134.0,101.5,560.5,1000.0,732.7,225.8,63.33,59.31,46.36,37.93
geom_506,139.7,184.8,315.7,1000.0,721.3,209.8,63.06,45.0,49.26,31.68
geom_507,190.6,108.3,599.1,1000.0,658.9,255.9,61.35,47.98,46.31,33.67
geom_508,131.9,162.0,243.8,1000.0,754.6,184.4,88.21,48.16,52.16,29.11
geom_509,195.8,73.28,634.6,1000.0,557.6,278.4,86.69,42.01,53.41,32.7
geom_510,163.6,75.03,466.0,1000.0,606.0,205.9,83.82,41.92,44.37,24.52
geom_511,140.4,106.5,562.1,1000.0,849.5,249.0,63.71,42.34,54.08,37.61
geom_512,185.1,155.0,343.6,1000.0,707.1,279.3,75.45,41.19,49.74,28.99
geom_513,156.9,116.2,543.3,1000.0,719.2,232.8,83.51,40.62,59.32,24.73
geom_514,106.6,185.9,570.8,1000.0,689.3,227.7,88.0,51.84,59.52,33.59
geom_515,179.1,148.9,455.7,1000.0,725.2,194.5,86.91,57.48,40.24,39.61
geom_516,142.8,192.6,424.6,1000.0,794.0,255.9,67.96,57.51,52.1,28.5
geom_517,172.3,152.3,279.5,1000.0,680.6,242.6,77.0,55.75,46.45,39.54
geom_518,135.0,124.7,414.5,1000.0,598.9,246.6,84.81,58.48,45.76,25.11
geom_519,130.1,59.01,473.6,1000.0,608.3,200.6,79.56,43.11,52.04,25.73
geom_520,108.0,134.6,572.7,1000.0,723.7,249.2,65.82,54.12,42.44,28.23
geom_521,145.6,102.4,505.8,1000.0,650.8,188.0,76.16,43.57,49.94,26.27
geom_522,185.0,60.84,638.7,1000.0,711.2,225.5,66.23,46.14,58.51,34.91
geom_523,155.5,93.36,264.6,1000.0,748.4,266.0,64.18,54.55,53.77,34.15
geom_524,174.7,174.0,491.2,1000.0,819.0,251.7,81.77,47.53,48.57,33.85
geom_525,155.2,68.66,258.5,1000.0,612.4,235.3,61.0,52.53,51.97,30.82
geom_526,111.9,61.7,210.4,1000.0,799.0,195.1,73.98,51.79,49.16,29.65
geom_527,189.4,95.48,268.5,1000.0,848.3,256.2,72.79,58.77,44.81,28.71
geom_528,175.2,110.9,433.4,1000.0,831.8,220.3,60.52,52.86,46.96,30.77
geom_529,151.6,191.7,692.7,1000.0,702.0,196.5,87.2,51.32,55.08,28.53
geom_530,152.2,81.95,568.0,1000.0,740.2,200.6,62.35,47.76,49.81,24.38
geom_531,142.4,181.8,547.8,1000.0,647.6,217.5,83.06,59.92,49.54,39.88
geom_532,178.9,118.0,436.1,1000.0,682.1,233.6,64.3,56.2,44.78,29.84
geom_533,113.3,75.73,423.2,1000.0,767.8,206.9,84.04,46.75,57.14,33.46
geom_534,120.2,116.9,461.9,1000.0,671.6,264.2,63.23,50.66,45.78,32.81
geom_535,114.9,60.22,359.4,1000.0,804.4,237.2,80.62,47.38,47.11,26.1
geom_536,147.0,113.0,256.1,1000.0,595.6,249.9,86.32,59.29,50.44,33.54
geom_537,125.2,174.7,510.5,1000.0,639.8,217.4,84.21,44.81,47.0,32.38
geom_538,143.3,133.0,641.7,1000.0,631.3,260.7,89.13,56.64,57.28,24.84
geom_539,105.1,176.5,298.1,1000.0,654.7,184.7,82.76,51.22,45.25,30.43
geom_540,108.4,86.45,255.8,1000.0,784.8,257.7,83.78,57.64,48.69,30.42
geom_541,128.0,111.6,431.4,1000.0,745.8,260.3,78.63,55.6,47.88,38.92
geom_542,121.4,191.9,529.6,1000.0,595.8,241.2,60.09,54.66,46.53,31.27
geom_543,190.0,93.77,507.3,1000.0,587.7,266.4,88.79,46.51,46.39,28.29
geom_544,112.2,122.2,696.6,1000.0,845.6,193.6,66.58,55.33,43.43,27.03
geom_545,187.3,177.7,650.6,1000.0,721.3,189.4,80.8,54.23,44.83,35.87
geom_546,155.9,184.3,384.9,1000.0,714.4,237.5,67.82,40.18,42.28,35.62
geom_547,104.0,56.63,524.2,1000.0,613.4,243.8,79.69,43.21,47.35,37.6
geom_548,115.9,138.3,574.2,1000.0,686.1,226.7,65.51,46.91,40.24,35.73
geom_549,152.8,87.88,591.2,1000.0,655.9,249.6,74.28,42.44,41.23,31.16
geom_550,163.9,139.1,436.8,1000.0,560.9,251.9,73.88,48.77,41.38,27.95
geom_551,131.6,130.9,233.0,1000.0,565.3,235.7,83.47,46.1,42.03,37.08
geom_552,111.3,140.6,608.5,1000.0,846.8,264.4,61.14,46.58,53.37,31.48
geom_553,188.5,126.3,346.0,1000.0,588.2,206.6,89.88,45.4,43.96,25.03
geom_554,118.5,130.3,561.4,1000.0,818.1,239.5,69.3,57.27,42.54,31.29
geom_555,143.0,197.9,215.1,1000.0,661.8,258.3,80.64,46.69,55.15,30.6
geom_556,155.3,103.8,557.8,1000.0,790.1,194.0,73.75,58.07,41.86,25.6
geom_557,199.2,94.41,575.5,1000.0,834.3,197.9,82.88,45.61,53.62,29.79
geom_558,169.5,54.0,318.6,1000.0,673.4,257.4,67.79,40.67,43.25,36.17
geom_559,119.5,79.94,532.3,1000.0,703.4,215.9,67.02,49.56,49.66,37.13
geom_560,180.1,106.6,646.8,1000.0,764.5,215.7,85.93,48.85,47.41,33.91
geom_561,129.7,72.18,451.3,1000.0,790.6,230.5,71.35,59.79,49.4,33.4
geom_562,179.5,126.6,531.1,1000.0,779.4,262.1,86.81,41.53,42.16,29.44
geom_563,176.9,70.79,619.7,1000.0,753.1,258.0,69.32,59.5,52.09,26.49
geom_564,192.4,150.4,563.6,1000.0,694.4,255.4,80.37,53.11,52.7,27.98
geom_565,197.3,172.4,216.1,1000.0,651.7,196.6,74.58,47.71,41.41,38.2
geom_566,195.4,115.3,661.3,1000.0,797.8,216.8,60.55,48.21,44.71,24.95
geom_567,137.3,182.0,289.3,1000.0,674.8,215.9,86.56,52.17,42.76,38.28
geom_568,172.0,143.4,408.9,1000.0,657.5,272.2,85.83,59.19,54.47,38.37
geom_569,114.6,156.4,214.6,1000.0,802.4,201.9,76.94,56.6,41.0,29.57
geom_570,122.4,178.6,525.6,1000.0,749.3,270.9,65.93,56.28,53.39,29.71
geom_571,149.7,66.68,523.1,1000.0,662.8,225.5,85.2,46.35,40.02,33.23
geom_572,120.0,101.4,333.6,1000.0,640.8,250.2,87.67,52.04,60.0,29.35
geom_573,188.7,195.1,417.1,1000.0,826.1,224.0,89.38,43.91,43.13,39.74
geom_574,182.8,62.93,605.9,1000.0,679.4,188.4,66.72,56.16,56.2,37.16
geom_575,177.1,67.99,231.3,1000.0,826.6,268.9,87.17,47.08,58.94,36.13
geom_576,123.0,199.6,452.1,1000.0,797.1,180.9,89.64,57.38,58.42,32.63
geom_577,115.1,83.21,484.1,1000.0,566.7,232.2,79.73,47.81,44.94,25.64
geom_578,125.0,194.9,687.9,1000.0,610.3,205.4,75.0,48.96,48.54,31.55
geom_579,100.8,174.5,489.9,1000.0,638.7,221.5,74.08,47.4,41.3,39.21
geom_580,109.4,170.3,239.9,1000.0,687.8,226.1,66.38,44.04,58.56,28.33
geom_581,156.7,191.6,600.9,1000.0,749.0,251.5,82.71,46.13,53.31,28.15
geom_582,100.4,194.5,508.8,1000.0,684.7,244.1,68.55,54.86,45.54,29.98
geom_583,173.5,165.4,480.8,1000.0,701.8,213.5,85.69,54.85,50.24,32.71
geom_584,130.7,145.7,281.6,1000.0,697.7,228.9,87.09,43.58,51.2,29.2
geom_585,114.5,190.9,580.4,1000.0,624.0,220.5,79.87,42.53,41.34,32.06
geom_586,102.6,197.1,671.0,1000.0,700.9,212.2,61.47,58.7,58.87,26.37
geom_587,148.2,124.4,522.9,1000.0,769.1,245.8,70.47,41.01,50.83,32.68
geom_588,141.9,153.0,491.7,1000.0,750.7,228.5,88.31,43.81,42.02,28.65
geom_589,139.4,170.8,658.5,1000.0,767.7,264.9,74.83,59.16,42.05,30.26
geom_590,159.6,166.0,260.5,1000.0,676.8,215.4,74.78,41.29,49.69,34.42
geom_591,199.1,76.54,496.4,1000.0,620.4,252.9,84.36,49.89,47.44,32.13
geom_592,189.5,97.86,630.3,1000.0,726.0,199.6,65.1,54.39,50.98,30.51
geom_593,128.9,165.6,488.4,1000.0,820.6,276.3,61.29,56.77,40.05,39.41
geom_594,123.4,58.81,395.8,1000.0,621.0,196.6,82.55,49.09,50.49,27.1
geom_595,119.2,173.2,412.0,1000.0,741.0,272.0,66.96,43.54,53.11,33.8
geom_596,141.5,81.63,633.4,1000.0,732.1,248.5,84.74,51.63,46.84,32.39
geom_597,183.8,81.48,413.9,1000.0,741.9,258.1,69.15,57.81,45.71,36.92
geom_598,171.5,98.99,308.7,1000.0,731.2,202.0,89.26,41.11,54.38,30.88
geom_599,188.9,94.3,314.3,1000.0,683.4,257.3,61.26,49.78,55.84,33.29
geom_600,186.0,159.5,596.6,1000.0,590.9,193.9,65.22,58.47,41.03,33.81
geom_601,139.1,195.7,369.4,1000.0,673.8,184.0,78.85,40.74,51.46,26.62
geom_602,173.3,164.2,518.5,1000.0,717.8,192.5,75.46,55.36,58.45,30.07
geom_603,166.2,189.1,691.9,1000.0,825.1,209.6,71.69,57.97,59.77,32.42
geom_604,184.1,140.8,363.3,1000.0,618.9,268.0,67.45,42.61,42.16,37.26
geom_605,159.0,133.6,344.2,1000.0,614.8,252.4,75.99,50.93,46.04,29.87
geom_606,134.7,166.6,441.5,1000.0,594.2,241.5,89.76,40.93,50.0,37.64
geom_607,196.2,58.62,388.2,1000.0,798.8,254.6,74.33,40.44,50.73,35.15
geom_608,197.9,183.1,375.9,1000.0,738.8,238.1,71.64,57.83,43.2,35.03
geom_609,193.2,78.95,350.3,1000.0,684.2,256.7,80.67,44.39,45.03,37.33
geom_610,122.2,92.82,502.1,1000.0,695.4,263.8,76.72,57.45,51.8,31.9
geom_611,188.8,189.5,210.7,1000.0,608.0,252.2,69.89,45.66,43.58,31.34
geom_612,131.5,199.4,635.2,1000.0,574.7,211.7,77.72,58.97,44.33,38.9
geom_613,114.1,189.7,422.1,1000.0,568.3,217.5,61.82,55.86,49.24,30.46
geom_614,137.3,114.2,416.1,1000.0,561.5,262.9,84.95,56.87,45.7,35.08
geom_615,197.6,157.8,428.2,1000.0,808.9,279.8,81.64,44.49,51.61,35.27
geom_616,110.5,121.1,511.3,1000.0,728.4,187.4,89.45,51.14,42.27,31.66
geom_617,155.7,57.09,632.7,1000.0,678.5,269.7,74.16,47.46,52.44,26.02
geom_618,179.4,170.9,578.0,1000.0,827.3,272.8,67.34,42.33,57.02,34.7
geom_619,189.1,120.5,427.6,1000.0,743.3,270.1,62.58,46.97,50.53,39.64
geom_620,119.1,125.6,511.7,1000.0,805.3,269.4,63.45,56.41,52.38,27.32
geom_621,103.2,173.3,282.2,1000.0,586.0,237.7,69.33,40.21,49.5,36.95
geom_622,171.4,149.6,278.9,1000.0,793.7,224.4,79.67,50.27,51.5,35.22
geom_623,182.9,50.82,500.5,1000.0,772.8,198.2,64.9,52.46,52.3,39.92
geom_624,132.9,151.7,467.4,1000.0,572.5,264.3,87.88,53.36,55.27,35.16
geom_625,144.9,151.2,489.4,1000.0,725.1,254.1,88.58,53.77,59.8,36.27
geom_626,145.3,161.0,327.4,1000.0,811.7,228.1,65.15,48.17,51.79,37.3
geom_627,156.3,178.9,245.2,1000.0,646.9,219.2,72.16,43.6,55.52,24.51
geom_628,107.2,65.19,696.0,1000.0,591.2,277.8,75.24,46.86,40.66,26.44
geom_629,169.4,88.96,270.5,1000.0,844.1,200.4,63.76,44.12,54.85,24.72
geom_630,144.4,111.1,530.0,1000.0,611.1,254.1,83.35,45.09,45.21,34.66
geom_631,189.8,144.3,474.2,1000.0,568.2,274.7,85.8,46.58,47.96,25.12
geom_632,130.5,66.56,381.6,1000.0,663.8,205.9,67.41,50.63,51.48,38.15
geom_633,145.7,164.7,397.3,1000.0,624.3,207.7,64.58,42.21,46.91,37.99
geom_634,160.8,149.1,211.3,1000.0,582.7,242.1,65.82,42.9,56.13,24.58
geom_635,173.1,64.39,614.7,1000.0,773.3,189.9,88.04,53.41,50.12,35.92
geom_636,101.4,75.61,635.6,1000.0,685.6,272.2,80.24,51.32,54.31,34.99
geom_637,185.5,179.3,443.6,1000.0,820.2,249.8,78.63,40.83,54.5,38.24
geom_638,156.9,169.6,411.1,1000.0,659.4,197.2,79.5,53.61,44.27,28.77
geom_639,139.3,181.1,636.2,1000.0,836.3,255.3,73.27,58.32,54.51,24.88
geom_640,148.3,59.93,413.0,1000.0,705.4,192.3,83.7,40.35,44.64,26.65
geom_641,125.1,143.8,700.0,1000.0,626.2,223.7,87.45,53.9,45.07,29.31
geom_642,170.0,84.57,602.2,1000.0,573.9,214.6,65.66,50.37,59.71,38.34
geom_643,189.2,118.5,336.7,1000.0,724.3,238.4,72.73,54.59,49.19,35.79
geom_644,166.7,170.3,592.8,1000.0,687.2,189.2,70.56,54.33,59.23,36.93
geom_645,138.6,69.8,277.8,1000.0,612.8,254.3,80.72,45.85,53.74,33.08
geom_646,104.5,152.5,678.3,1000.0,749.8,257.1,72.25,54.3,43.15,36.98
geom_647,109.8,121.6,551.2,1000.0,691.9,189.4,60.33,50.49,44.47,25.72
geom_648,140.5,123.6,368.3,1000.0,664.6,186.4,86.22,49.86,50.51,35.48
geom_649,119.5,88.09,327.9,1000.0,773.1,239.3,79.39,51.9,44.04,36.2
geom_650,124.8,74.57,316.9,1000.0,640.2,217.2,77.69,44.25,48.84,27.0
geom_651,127.1,120.3,399.8,1000.0,736.4,278.4,86.45,55.77,47.85,30.14
geom_652,127.3,115.8,629.7,1000.0,615.9,253.5,73.35,49.8,41.19,34.48
geom_653,105.0,107.0,401.7,1000.0,811.6,214.5,76.09,48.23,58.07,25.2
geom_654,141.8,125.3,690.1,1000.0,840.1,182.4,74.68,53.02,43.68,37.88
geom_655,163.2,192.4,462.9,1000.0,638.2,259.8,83.67,48.52,56.92,24.14
geom_656,129.6,133.7,616.0,1000.0,555.1,275.6,68.92,48.25,49.27,28.9
geom_657,130.0,133.4,686.8,1000.0,661.6,208.1,73.47,56.33,49.83,36.31
geom_658,193.3,99.53,634.0,1000.0,846.3,197.1,87.14,48.08,51.05,26.64
geom_659,103.2,60.44,564.1,1000.0,767.2,183.3,68.97,54.48,59.65,30.66
geom_660,142.6,63.27,582.0,1000.0,637.2,180.5,78.49,51.35,55.49,34.23
geom_661,118.3,83.47,393.2,1000.0,763.5,263.0,88.53,43.48,41.74,27.29
geom_662,133.5,172.7,586.8,1000.0,849.8,235.1,76.37,58.33,47.18,29.54
geom_663,192.2,185.3,456.1,1000.0,673.3,236.0,87.32,47.3,49.44,24.21
geom_664,196.7,82.58,584.7,1000.0,559.5,273.4,65.1,56.91,41.54,37.24
geom_665,161.5,128.7,596.4,1000.0,843.7,245.9,63.46,43.03,42.58,30.83
geom_666,194.4,75.09,522.1,1000.0,671.5,244.8,71.93,51.29,41.48,34.0
geom_667,197.8,70.3,586.5,1000.0,705.9,232.5,68.23,41.85,58.72,25.69
geom_668,117.0,87.22,675.8,1000.0,846.1,259.0,81.41,44.72,59.81,33.72
geom_669,133.4,189.3,273.8,1000.0,590.1,231.6,70.93,52.42,44.39,26.41
geom_670,173.6,59.77,412.5,1000.0,729.9,198.3,71.01,46.44,43.22,39.74
geom_671,191.7,138.0,425.7,1000.0,559.9,202.7,62.09,43.73,53.55,27.06
geom_672,174.1,80.32,589.9,1000.0,596.4,229.1,71.52,44.85,40.91,35.92
geom_673,123.6,165.2,339.5,1000.0,820.9,266.7,67.91,57.0,48.07,34.87
geom_674,147.6,88.31,566.7,1000.0,660.0,225.2,72.64,52.98,44.45,39.54
geom_675,130.2,56.58,490.4,1000.0,809.9,183.7,65.35,54.82,45.57,36.44
geom_676,183.4,58.03,309.7,1000.0,691.1,202.9,72.81,49.77,55.88,24.41
geom_677,118.3,177.1,340.1,1000.0,562.4,226.0,83.33,59.9,44.55,33.63
geom_678,101.9,61.58,236.2,1000.0,765.4,226.3,84.45,47.03,54.35,27.26
geom_679,177.3,145.7,539.4,1000.0,797.4,276.8,60.88,55.41,48.71,38.53
geom_680,117.5,64.7,359.7,1000.0,683.1,199.6,74.9,48.14,55.05,31.71
geom_681,153.3,141.0,674.9,1000.0,751.3,276.7,66.45,45.74,55.67,32.86
geom_682,166.3,57.67,500.8,1000.0,760.3,182.2,75.53,49.1,40.62,29.23
geom_683,168.6,53.69,517.4,1000.0,766.7,201.3,82.24,52.26,46.72,27.84
geom_684,127.6,101.7,347.5,1000.0,604.3,215.7,71.54,49.02,50.29,35.56
geom_685,132.0,123.2,237.2,1000.0,661.2,235.5,73.12,52.45,50.62,24.25
geom_686,128.7,135.6,558.7,1000.0,817.3,276.0,63.82,45.01,52.26,31.06
geom_687,104.9,156.3,659.1,1000.0,554.5,226.2,75.64,56.84,45.19,36.49
geom_688,138.3,150.0,444.3,1000.0,816.3,229.2,71.05,40.82,54.65,25.87
geom_689,162.9,117.2,501.9,1000.0,727.3,239.9,88.71,59.35,51.18,34.51
geom_690,164.2,149.3,242.0,1000.0,706.7,222.7,81.81,44.33,59.42,33.24
geom_691,185.4,52.87,622.6,1000.0,586.1,254.0,74.35,43.83,42.82,30.75
geom_692,149.5,121.9,385.8,1000.0,746.6,212.2,75.94,45.32,40.9,38.86
geom_693,157.8,150.6,640.1,1000.0,550.9,243.0,80.92,59.57,55.4,25.93
geom_694,184.6,126.1,203.0,1000.0,551.7,242.7,89.32,48.3,47.23,39.16
geom_695,121.9,165.7,622.4,1000.0,833.8,201.2,67.55,47.28,51.1,33.06
geom_696,139.1,175.9,297.5,1000.0,738.4,202.8,61.05,54.17,43.64,29.69
geom_697,187.8,82.38,615.6,1000.0,650.4,255.5,82.21,45.42,41.16,28.2
geom_698,188.7,165.8,367.0,1000.0,730.2,192.8,77.94,49.97,46.41,25.16
geom_699,134.1,154.4,611.6,1000.0,677.4,196.9,60.25,41.91,57.8,26.71
geom_700,150.3,177.2,542.2,1000.0,625.2,240.2,61.55,47.58,52.98,37.4
geom_701,128.9,96.54,691.0,1000.0,707.9,223.1,85.36,58.42,43.88,34.4
geom_702,129.5,154.8,543.7,1000.0,775.1,273.9,66.02,46.33,40.43,27.12
geom_703,172.5,169.2,464.3,1000.0,619.6,210.9,63.67,41.2,56.49,27.59
geom_704,187.0,141.9,667.5,1000.0,576.2,272.5,60.46,51.12,45.16,27.44
geom_705,161.4,76.97,338.1,1000.0,562.6,219.0,82.62,52.12,54.13,28.19
geom_706,146.4,59.22,356.8,1000.0,770.1,257.4,77.75,51.0,59.37,34.99
geom_707,136.8,54.41,686.3,1000.0,619.9,186.0,84.24,52.75,49.28,36.53
geom_708,164.2,63.38,334.8,1000.0,669.7,224.2,69.27,41.39,55.66,27.82
geom_709,107.8,198.7,292.3,1000.0,748.3,230.2,89.92,46.4,59.69,29.5
geom_710,122.8,132.3,278.4,1000.0,642.4,248.4,61.7,51.26,55.59,27.42
geom_711,114.6,77.63,290.5,1000.0,785.1,260.5,83.27,57.96,59.03,29.63
geom_712,117.1,187.8,653.7,1000.0,743.0,214.6,89.82,56.53,52.81,33.35
geom_713,127.8,171.4,356.3,1000.0,690.9,226.4,70.28,40.6,54.77,31.45
geom_714,161.3,117.7,693.9,1000.0,675.3,223.0,61.12,41.99,42.75,29.38
geom_715,179.9,163.7,306.2,1000.0,833.0,186.7,65.47,42.82,57.48,26.7
geom_716,150.2,185.5,337.8,1000.0,778.9,274.6,68.03,47.87,45.97,31.68
geom_717,112.3,125.8,628.9,1000.0,622.3,255.1,88.65,57.06,58.16,28.48
geom_718,171.5,102.8,226.7,1000.0,794.3,214.9,63.97,58.8,54.87,28.86
geom_719,165.2,136.9,435.3,1000.0,579.6,236.6,65.58,58.26,42.88,31.18
geom_720,169.8,101.1,324.5,1000.0,805.8,249.4,79.1,53.89,54.99,24.93
geom_721,160.1,169.5,476.2,1000.0,709.8,198.9,61.99,52.01,59.15,28.34
geom_722,152.1,107.7,218.3,1000.0,579.0,271.2,64.59,55.07,42.87,30.12
geom_723,113.4,158.6,290.1,1000.0,633.2,216.7,76.9,56.57,44.59,36.42
geom_724,122.0,199.0,643.0,1000.0,842.7,264.0,85.42,53.74,51.89,38.42
geom_725,121.0,82.73,555.1,1000.0,783.8,234.8,70.51,55.58,47.24,25.42
geom_726,195.6,115.5,258.4,1000.0,712.4,251.7,68.25,48.29,56.54,24.39
geom_727,181.0,83.39,698.0,1000.0,553.2,251.2,79.32,52.57,50.23,32.48
geom_728,108.2,64.19,366.8,1000.0,766.2,258.2,73.66,51.52,59.29,29.93
geom_729,101.7,198.3,383.7,1000.0,696.2,262.7,62.62,43.18,45.65,33.78
geom_730,186.2,97.44,528.6,1000.0,616.0,256.7,71.17,45.72,52.4,29.77
geom_731,173.6,123.4,633.9,1000.0,832.5,205.0,86.64,51.56,45.09,27.39
geom_732,126.8,68.55,474.6,1000.0,772.0,265.0,74.4,42.42,47.78,26.51
geom_733,131.8,152.3,625.8,1000.0,711.5,181.4,78.29,57.12,47.52,24.55
geom_734,185.0,167.7,610.0,1000.0,654.2,194.8,85.98,48.43,44.21,33.76
geom_735,150.7,148.5,445.9,1000.0,767.4,261.2,79.59,48.04,45.14,35.75
geom_736,105.5,84.78,497.7,1000.0,827.6,200.0,66.98,50.17,50.82,33.5
geom_737,147.2,76.07,521.6,1000.0,778.5,192.1,62.87,42.09,50.36,28.81
geom_738,154.0,127.5,601.7,1000.0,815.4,184.6,82.27,46.94,44.0,29.82
geom_739,191.7,143.0,365.3,1000.0,779.2,254.6,88.61,41.98,46.74,39.39
geom_740,167.6,58.43,430.8,1000.0,719.2,253.2,87.74,53.52,52.67,38.13
geom_741,172.9,92.31,374.6,1000.0,786.2,211.0,81.91,47.0,48.26,32.64
geom_742,194.2,152.7,257.5,1000.0,806.7,220.4,66.1,58.95,43.7,25.15
geom_743,165.2,77.55,223.3,1000.0,640.5,249.9,77.11,49.32,44.48,26.2
geom_744,183.5,120.8,241.2,1000.0,570.6,210.2,69.5,57.85,54.63,30.76
geom_745,147.9,127.0,604.6,1000.0,609.4,228.2,60.71,47.89,46.36,26.85
geom_746,117.8,131.7,269.2,1000.0,638.9,196.7,71.82,59.93,59.13,37.48
geom_747,163.8,187.4,682.7,1000.0,699.9,194.3,85.83,48.07,40.98,37.36
geom_748,156.2,99.69,557.4,1000.0,758.9,227.5,83.29,53.33,53.6,39.23
geom_749,113.2,55.24,253.1,1000.0,667.7,218.8,81.7,47.09,47.4,33.0
geom_750,154.7,138.2,332.3,1000.0,760.9,218.6,67.42,58.03,44.97,31.54
geom_751,122.7,147.0,621.4,1000.0,679.1,245.1,80.97,59.68,51.83,38.43
geom_752,118.5,173.7,394.2,1000.0,601.2,217.0,68.09,54.9,51.15,28.55
geom_753,163.1,67.8,420.4,1000.0,564.0,256.5,81.95,59.73,56.54,28.44
geom_754,161.4,89.31,673.1,1000.0,838.9,251.6,79.12,53.85,50.03,31.84
geom_755,106.5,161.6,305.8,1000.0,747.1,227.9,78.46,53.96,51.02,28.74
geom_756,128.4,96.07,565.2,1000.0,584.1,213.2,62.78,54.53,52.88,29.25
geom_757,131.2,87.65,400.4,1000.0,763.7,204.2,72.02,40.56,47.83,31.59
geom_758,177.1,195.0,346.7,1000.0,702.3,225.3,68.3,58.81,40.17,28.46
geom_759,199.7,78.6,352.6,1000.0,652.3,279.4,76.2,45.38,53.91,34.97
geom_760,140.7,175.8,392.8,1000.0,574.4,186.8,89.61,50.51,51.14,24.7
geom_761,101.2,54.77,502.7,1000.0,796.4,259.2,70.95,52.87,59.97,37.27
geom_762,135.1,131.4,335.4,1000.0,757.1,208.4,82.68,44.24,41.24,35.51
geom_763,133.2,109.0,229.3,1000.0,789.3,247.5,63.19,46.22,49.33,25.51
geom_764,114.7,146.4,554.4,1000.0,776.6,205.4,76.07,53.27,47.47,24.9
geom_765,161.9,136.3,221.5,1000.0,802.1,194.9,65.28,48.06,50.17,34.26
geom_766,176.7,123.9,281.0,1000.0,628.9,248.9,72.37,47.75,57.42,28.66
geom_767,136.3,93.27,513.6,1000.0,770.5,268.2,73.39,54.08,40.59,29.66
geom_768,151.5,88.1,568.9,1000.0,737.4,242.0,63.41,42.79,59.49,29.9
geom_769,117.3,160.2,347.4,1000.0,625.4,185.0,75.18,50.1,51.34,26.19
geom_770,124.0,182.7,482.8,1000.0,585.3,247.1,74.87,48.48,40.36,31.56
geom_771,149.9,85.41,411.6,1000.0,700.5,253.2,83.61,50.73,53.1,25.43
geom_772,125.2,107.5,537.3,1000.0,702.5,188.1,64.16,55.44,51.65,33.3
geom_773,171.1,71.86,325.2,1000.0,740.3,213.6,73.31,52.0,44.31,35.35
geom_774,103.8,60.69,407.3,1000.0,631.6,247.7,80.21,41.17,58.79,25.77
geom_775,157.6,60.11,496.6,1000.0,840.8,231.2,75.14,40.46,53.23,24.79
geom_776,168.9,141.1,442.0,1000.0,693.2,278.6,80.91,47.57,43.8,32.93
geom_777,153.5,80.52,534.7,1000.0,797.5,229.1,66.43,51.05,58.27,30.56
geom_778,188.4,194.2,452.5,1000.0,808.2,209.1,77.78,56.22,48.75,30.69
geom_779,162.7,112.8,520.3,1000.0,573.6,195.5,73.93,42.68,47.74,28.88
geom_780,154.0,198.8,653.2,1000.0,588.1,181.9,74.47,50.59,59.18,38.6
geom_781,187.8,199.8,481.6,1000.0,636.5,255.8,73.83,41.81,40.78,32.56
geom_782,189.6,185.4,656.5,1000.0,650.0,222.0,60.29,56.69,44.61,36.03
geom_783,193.7,116.7,607.7,1000.0,711.9,220.7,66.57,51.96,47.55,37.63
geom_784,181.8,179.6,672.6,1000.0,794.6,211.1,72.13,42.64,48.31,34.6
geom_785,111.1,96.49,263.1,1000.0,572.3,268.1,88.19,49.64,49.08,31.51
geom_786,178.9,57.01,201.1,1000.0,645.6,218.6,79.95,54.99,59.06,39.8
geom_787,159.8,167.1,280.0,1000.0,780.2,219.8,72.96,44.77,56.24,33.64
geom_788,190.2,89.63,560.7,1000.0,684.9,198.7,62.17,40.87,56.14,39.02
geom_789,145.1,108.6,699.1,1000.0,749.9,233.7,86.83,53.15,47.32,31.44
geom_790,104.5,134.9,340.5,1000.0,676.1,241.3,77.81,46.01,45.31,38.22
geom_791,133.0,93.14,432.4,1000.0,603.2,248.2,68.75,45.24,40.69,26.23
geom_792,168.4,100.8,390.0,1000.0,755.4,252.2,74.43,54.08,40.48,28.14
geom_793,154.4,129.8,268.0,1000.0,792.4,239.6,70.43,54.45,58.59,35.94
geom_794,187.0,119.7,659.7,1000.0,606.1,268.5,63.65,49.66,41.9,32.93
geom_795,109.4,81.3,655.7,1000.0,614.5,191.8,78.08,55.67,48.99,36.69
geom_796,136.0,162.7,660.1,1000.0,656.6,250.6,75.38,47.33,53.98,26.89
geom_797,197.0,80.99,355.2,1000.0,672.3,267.4,64.66,47.11,55.96,36.97
geom_798,143.8,128.8,250.5,1000.0,812.6,241.8,68.56,48.54,42.39,35.83
geom_799,128.6,149.5,331.4,1000.0,824.0,214.2,84.51,40.54,47.18,27.79
geom_800,117.6,138.7,307.2,1000.0,831.2,242.3,72.87,58.45,47.58,35.47
geom_801,103.7,123.0,583.5,1000.0,752.1,192.2,68.82,53.25,57.83,38.72
geom_802,113.7,108.4,291.0,1000.0,581.5,277.9,71.19,43.67,50.9,25.67
geom_803,114.3,195.3,383.3,1000.0,692.4,191.9,80.11,50.38,57.76,28.37
geom_804,106.8,109.7,512.2,1000.0,849.4,218.3,79.06,49.15,56.99,38.45
geom_805,166.8,93.01,647.1,1000.0,841.8,242.4,78.14,50.25,53.45,25.39
geom_806,148.5,142.3,435.6,1000.0,814.1,204.5,83.08,48.59,52.35,32.3
geom_807,107.9,105.5,354.8,1000.0,781.8,261.9,84.45,44.16,55.98,36.63
geom_808,187.6,71.39,629.1,1000.0,581.0,199.5,87.9,56.35,43.62,37.73
geom_809,150.8,122.6,661.7,1000.0,762.2,250.2,67.06,43.32,45.48,24.57
geom_810,144.2,101.8,558.3,1000.0,694.0,189.0,62.19,52.08,58.62,34.75
geom_811,105.6,73.46,483.6,1000.0,788.1,215.4,78.35,42.05,57.63,39.96
geom_812,146.7,82.95,281.1,1000.0,725.8,244.5,78.8,40.45,49.87,25.62
geom_813,172.2,57.83,324.1,1000.0,845.2,182.9,62.06,47.5,46.13,26.16
geom_814,164.4,64.72,541.1,1000.0,782.3,190.7,72.3,50.9,45.84,36.9
geom_815,102.1,125.0,295.4,1000.0,622.5,185.0,73.7,56.01,44.03,28.09
geom_816,126.8,130.1,667.6,1000.0,774.8,263.4,75.61,44.95,52.95,33.38
geom_817,102.2,52.79,639.2,1000.0,736.2,240.4,73.83,54.28,47.06,39.5
geom_818,166.6,64.43,299.4,1000.0,847.5,248.0,65.6,45.41,45.91,25.65
geom_819,138.0,183.2,361.0,1000.0,564.6,215.2,73.98,44.55,51.25,38.07
geom_820,103.8,157.4,448.5,1000.0,822.9,191.1,76.64,55.39,58.24,30.88
geom_821,122.3,138.6,507.0,1000.0,695.8,182.3,89.95,42.51,45.95,37.56
geom_822,117.6,86.74,357.8,1000.0,678.8,253.3,81.33,43.7,52.44,25.94
geom_823,183.8,119.6,687.3,1000.0,588.6,270.6,68.7,43.14,56.67,32.45
geom_824,137.5,166.5,424.3,1000.0,660.4,181.8,63.5,51.04,41.6,36.84
geom_825,140.9,72.55,478.6,1000.0,652.3,222.3,78.16,40.74,53.94,29.6
geom_826,139.9,94.64,446.8,1000.0,681.8,194.0,60.02,55.46,57.09,39.82
geom_827,165.9,141.5,453.8,1000.0,639.6,180.9,66.5,53.74,40.97,30.16
geom_828,147.3,72.39,279.6,1000.0,770.9,191.5,69.65,53.2,42.5,32.97
geom_829,119.4,170.0,311.9,1000.0,724.8,229.9,89.88,42.48,47.01,27.72
geom_830,164.6,84.82,310.5,1000.0,783.5,208.2,88.33,43.79,42.32,26.34
geom_831,160.2,91.54,251.9,1000.0,841.3,200.9,83.19,43.43,46.58,36.8
geom_832,183.0,69.85,551.0,1000.0,598.1,254.4,81.54,56.12,46.84,35.17
geom_833,127.6,162.6,297.9,1000.0,783.2,276.9,88.08,44.44,41.73,39.99
geom_834,176.1,169.3,373.9,1000.0,609.0,243.7,64.95,41.88,47.71,31.86
geom_835,180.6,71.3,317.3,1000.0,609.7,277.2,75.8,55.3,48.17,28.02
geom_836,105.3,160.6,261.7,1000.0,583.8,217.9,69.91,44.66,44.12,30.78
geom_837,145.8,111.4,554.6,1000.0,836.2,205.8,73.54,59.7,55.01,37.67
geom_838,124.7,79.24,268.8,1000.0,669.4,245.1,70.18,51.87,55.28,31.25
geom_839,171.7,57.62,212.5,1000.0,800.3,235.5,67.28,44.88,44.77,32.67
geom_840,153.1,138.8,533.4,1000.0,632.0,246.5,70.11,45.28,49.38,39.56
geom_841,113.9,183.6,498.3,1000.0,705.6,184.1,86.49,46.63,42.38,25.76
geom_842,125.4,104.6,627.9,1000.0,668.1,197.3,71.12,57.89,53.85,28.35
geom_843,164.0,76.71,674.2,1000.0,590.7,203.7,61.58,48.62,59.45,34.06
geom_844,179.1,55.0,538.5,1000.0,818.6,245.2,85.75,59.25,58.46,38.98
geom_845,112.5,110.5,233.1,1000.0,635.3,266.6,86.58,56.55,45.47,26.22
geom_846,171.3,129.2,675.0,1000.0,603.1,206.6,82.8,57.32,41.99,38.01
geom_847,165.6,181.0,266.5,1000.0,781.9,276.4,70.32,51.43,58.22,30.54
geom_848,171.8,175.4,624.8,1000.0,801.4,278.7,80.77,56.17,47.28,33.17
geom_849,180.5,124.7,485.6,1000.0,780.8,187.4,78.52,45.44,57.52,31.73
geom_850,144.7,80.73,206.1,1000.0,784.4,211.5,76.81,55.24,51.18,33.19
geom_851,152.3,71.71,400.9,1000.0,731.6,261.9,70.15,57.39,51.56,35.38
geom_852,170.9,172.9,286.1,1000.0,575.3,269.6,80.52,47.13,43.94,37.28
geom_853,169.3,70.56,623.4,1000.0,569.4,206.2,81.84,59.61,48.86,30.28
geom_854,146.0,89.02,329.6,1000.0,668.7,234.8,81.14,54.37,43.0,37.82
geom_855,123.2,187.2,615.1,1000.0,665.0,251.1,71.96,58.74,57.11,27.19
geom_856,172.7,99.06,220.7,1000.0,681.2,248.8,87.37,52.2,40.41,26.04
geom_857,164.9,88.79,561.6,1000.0,666.6,259.9,66.29,40.49,46.52,24.48
geom_858,177.4,50.65,384.4,1000.0,591.9,221.7,62.89,40.71,56.07,30.99
geom_859,195.5,157.6,415.0,1000.0,828.7,255.7,62.41,49.62,40.87,34.29
geom_860,102.8,106.8,657.6,1000.0,642.4,207.5,79.42,57.69,59.55,34.56
geom_861,188.0,198.4,296.3,1000.0,825.4,198.7,62.31,45.89,41.66,29.73
geom_862,151.1,97.26,588.7,1000.0,777.8,225.7,61.23,43.19,58.13,29.33
geom_863,150.5,147.9,595.6,1000.0,828.1,264.6,60.59,46.54,52.64,26.35
geom_864,169.5,156.1,317.6,1000.0,634.2,266.0,68.77,55.12,43.51,37.11
geom_865,115.3,85.73,296.9,1000.0,632.3,213.3,87.24,57.91,57.33,34.16
geom_866,120.4,194.6,222.4,1000.0,828.1,204.7,61.78,51.49,58.81,27.99
geom_867,108.3,133.1,255.5,1000.0,566.4,203.1,71.81,42.73,45.67,26.78
geom_868,136.5,129.7,594.7,1000.0,848.6,271.4,74.98,57.71,43.31,39.27
geom_869,105.4,167.4,493.3,1000.0,750.4,223.9,83.24,57.44,50.66,37.05
geom_870,125.5,144.8,556.0,1000.0,741.7,240.6,62.12,50.3,54.97,39.13
geom_871,199.4,95.22,454.6,1000.0,762.9,233.9,60.94,59.76,48.61,27.18
geom_872,198.7,198.6,551.5,1000.0,644.9,185.1,83.15,58.88,52.53,26.17
geom_873,188.3,55.41,490.7,1000.0,834.4,197.8,83.68,42.12,44.44,32.73
geom_874,153.0,126.0,254.0,1000.0,706.4,265.7,87.76,49.27,57.02,37.06
geom_875,162.1,77.4,248.1,1000.0,666.2,268.3,75.72,42.24,50.76,28.25
geom_876,157.2,63.89,274.4,1000.0,663.6,266.1,74.45,57.3,56.78,35.72
geom_877,151.7,67.52,507.6,1000.0,733.4,236.8,70.87,57.64,46.58,34.45
geom_878,130.6,188.4,597.8,1000.0,552.3,209.3,60.99,46.76,43.3,26.39
geom_879,194.9,137.9,276.7,1000.0,753.3,273.0,73.15,52.68,59.82,35.8
geom_880,104.0,79.58,601.2,1000.0,747.9,248.1,83.87,44.92,59.48,27.62
geom_881,193.3,107.4,641.5,1000.0,600.2,278.9,77.98,43.39,54.92,32.18
geom_882,106.1,103.2,265.9,1000.0,663.4,199.9,65.34,45.13,56.69,35.29
geom_883,168.1,174.5,433.9,1000.0,708.7,263.2,62.49,49.69,47.14,30.85
geom_884,132.3,111.8,446.4,1000.0,688.4,242.8,81.03,49.84,41.76,39.97
geom_885,144.0,51.58,358.9,1000.0,753.8,203.5,61.83,54.92,43.06,37.18
geom_886,109.7,163.0,447.2,1000.0,594.9,236.2,64.77,44.51,56.71,27.66
geom_887,121.7,172.8,378.9,1000.0,605.5,253.5,75.56,49.49,53.08,39.18
geom_888,192.1,116.1,668.5,1000.0,672.7,187.5,87.78,59.84,55.79,29.1
geom_889,172.3,88.48,645.0,1000.0,753.5,242.2,77.33,49.4,44.15,35.26
geom_890,108.7,155.5,467.6,1000.0,735.9,217.6,73.73,56.0,40.12,33.86
geom_891,121.5,194.1,643.1,1000.0,675.1,259.8,84.39,45.94,41.7,37.36
geom_892,160.9,98.15,425.3,1000.0,641.6,258.8,71.09,57.17,50.74,35.54
geom_893,179.5,73.79,442.7,1000.0,598.3,268.6,68.06,57.41,52.92,24.09
geom_894,182.5,140.3,575.8,1000.0,813.2,270.0,79.04,43.52,53.63,33.74
geom_895,184.5,61.13,599.5,1000.0,689.0,236.9,85.72,47.38,46.7,30.38
geom_896,174.9,190.4,370.0,1000.0,733.7,192.9,64.1,58.21,52.27,30.63
geom_897,183.9,65.43,410.9,1000.0,571.9,218.4,69.41,42.89,49.06,28.01
geom_898,124.6,100.2,291.9,1000.0,605.7,203.7,79.83,49.13,52.32,30.21
geom_899,101.1,61.4,556.9,1000.0,588.7,272.9,61.73,58.69,53.49,39.87
geom_900,194.7,158.2,235.3,1000.0,771.2,195.7,84.99,43.88,59.36,27.14
geom_901,138.8,116.6,681.4,1000.0,665.8,206.8,66.83,47.85,53.35,24.33
geom_902,175.2,96.75,578.8,1000.0,757.8,270.8,63.95,49.06,45.41,29.28
geom_903,149.2,150.3,398.2,1000.0,653.1,262.5,87.42,56.07,56.8,30.72
geom_904,134.8,192.0,553.3,1000.0,734.7,228.6,64.37,57.2,55.63,29.76
geom_905,108.5,151.9,501.3,1000.0,814.3,261.4,72.09,41.44,59.88,31.21
geom_906,180.1,160.9,613.5,1000.0,625.0,276.2,82.62,58.65,50.08,26.0
geom_907,130.6,197.7,311.1,1000.0,720.9,210.1,75.49,50.58,49.48,38.65
geom_908,178.1,85.21,492.1,1000.0,677.8,250.3,82.82,50.33,51.85,38.94
geom_909,117.8,137.4,283.3,1000.0,591.5,213.3,67.36,40.59,45.88,38.82
geom_910,136.9,149.8,649.5,1000.0,739.2,275.0,89.77,42.78,43.92,34.62
geom_911,135.3,197.9,651.0,1000.0,752.2,210.7,88.41,54.04,58.18,36.66
geom_912,124.2,98.26,565.7,1000.0,772.4,188.7,74.04,45.21,55.21,29.59
geom_913,120.7,176.0,594.2,1000.0,625.9,211.8,61.11,58.91,59.93,39.29
geom_914,142.8,114.1,584.5,1000.0,657.0,203.1,77.64,58.37,44.84,34.49
geom_915,158.4,51.74,499.4,1000.0,564.7,230.7,78.21,55.26,41.57,38.96
geom_916,140.2,64.92,373.3,1000.0,838.0,210.3,71.76,56.98,58.85,32.62
geom_917,134.5,74.2,618.4,1000.0,756.3,202.5,79.33,50.52,46.25,25.95
geom_918,123.3,112.1,503.2,1000.0,611.7,241.8,64.27,48.33,42.32,26.97
geom_919,100.5,171.2,247.4,1000.0,798.6,185.8,67.48,47.54,48.36,34.94
geom_920,109.2,62.13,519.5,1000.0,603.8,180.3,82.96,53.64,41.59,26.35
geom_921,191.5,193.3,216.6,1000.0,667.0,197.6,78.03,52.24,57.16,37.85
geom_922,109.5,53.83,391.6,1000.0,720.1,224.9,61.02,59.33,58.98,39.7
geom_923,193.0,182.8,657.3,1000.0,781.0,222.6,62.53,47.17,48.53,25.01
geom_924,171.1,117.5,576.3,1000.0,713.2,246.5,72.24,51.51,46.05,38.49
geom_925,131.0,104.5,366.1,1000.0,823.6,181.1,67.76,59.45,40.8,31.71
geom_926,116.5,68.07,636.9,1000.0,638.4,201.0,64.92,50.97,42.52,35.66
geom_927,133.3,142.4,288.9,1000.0,763.9,189.5,61.64,51.76,54.43,34.64
geom_928,110.4,68.92,246.2,1000.0,571.4,214.9,87.35,43.1,53.67,27.75
geom_929,181.5,126.4,295.0,1000.0,563.7,273.2,70.25,44.29,48.01,35.6
geom_930,112.9,197.3,383.0,1000.0,636.8,224.7,71.3,50.42,43.98,27.76
geom_931,151.3,106.3,341.6,1000.0,819.6,233.8,86.42,56.72,54.37,32.86
geom_932,105.9,187.9,640.5,1000.0,758.2,189.8,60.91,58.83,57.58,30.01
geom_933,125.4,157.9,509.1,1000.0,690.5,224.7,60.82,42.82,51.71,27.57
geom_934,188.0,103.5,230.6,1000.0,723.0,205.6,63.55,48.98,41.15,32.58
geom_935,192.6,77.8,472.2,1000.0,618.7,264.8,78.91,50.03,56.28,30.09
geom_936,142.2,113.5,623.9,1000.0,621.3,241.3,65.29,52.77,41.83,31.5
geom_937,195.7,193.6,479.3,1000.0,817.4,250.8,82.38,52.64,51.76,33.34
geom_938,126.3,132.1,390.4,1000.0,716.8,238.2,86.34,49.46,58.98,24.43
geom_939,103.5,75.49,240.9,1000.0,811.1,188.3,74.01,47.14,51.11,37.1
geom_940,195.1,92.18,573.6,1000.0,734.9,221.6,77.53,42.59,59.63,24.31
geom_941,177.4,180.5,294.3,1000.0,646.0,244.3,79.23,43.92,47.63,25.32
geom_942,191.1,184.2,308.5,1000.0,714.5,199.4,69.43,45.04,54.02,38.3
geom_943,119.7,136.0,513.2,1000.0,837.3,191.7,87.46,55.29,48.38,30.36
geom_944,176.0,168.0,330.9,1000.0,830.5,232.2,74.29,50.83,44.4,25.05
geom_945,152.6,110.3,404.0,1000.0,597.4,208.4,81.43,46.11,53.21,32.13
geom_946,182.0,157.4,652.5,1000.0,570.4,252.0,84.59,41.83,46.24,38.69
geom_947,164.5,114.4,483.5,1000.0,806.9,267.9,85.06,56.88,55.74,36.21
geom_948,186.8,59.45,606.8,1000.0,701.2,258.1,80.61,41.26,40.55,28.76
geom_949,143.7,72.34,368.8,1000.0,800.9,196.1,66.52,54.52,41.52,36.83
geom_950,105.6,74.08,318.1,1000.0,723.1,207.1,84.56,49.45,56.35,32.15
geom_951,167.9,194.4,300.1,1000.0,655.5,263.6,69.11,41.61,52.06,34.13
geom_952,100.7,144.0,364.9,1000.0,555.4,190.6,87.05,43.34,58.0,35.12
geom_953,120.5,122.7,396.2,1000.0,714.7,220.0,72.46,51.95,58.67,33.58
geom_954,159.1,161.9,678.6,1000.0,561.8,228.7,64.23,51.84,56.85,38.24
geom_955,125.8,130.6,303.3,1000.0,651.2,216.3,87.93,46.65,46.89,24.65
geom_956,116.0,90.22,531.0,1000.0,572.9,205.1,82.15,57.04,47.61,32.28
geom_957,142.3,52.43,264.3,1000.0,709.0,195.3,75.91,43.96,53.56,37.22
geom_958,167.4,104.2,451.8,1000.0,816.0,193.3,80.45,52.66,54.29,31.93
geom_959,173.8,75.25,637.3,1000.0,615.5,188.5,88.93,52.91,52.01,33.26
geom_960,143.1,126.8,664.4,1000.0,589.6,233.3,68.7,50.7,54.44,24.86
geom_961,190.7,51.94,685.1,1000.0,658.6,243.6,66.12,49.67,49.57,33.1
geom_962,115.6,183.8,630.9,1000.0,816.5,268.5,76.32,57.79,46.33,25.78
geom_963,115.9,188.8,375.3,1000.0,823.1,204.6,83.99,51.94,44.19,39.05
geom_964,177.6,91.98,299.0,1000.0,773.8,196.0,86.71,42.2,45.64,32.51
geom_965,177.5,58.16,475.9,1000.0,576.0,203.8,85.91,51.4,49.9,39.94
geom_966,112.0,69.11,228.3,1000.0,607.7,244.2,67.84,43.24,43.33,25.23
geom_967,176.5,143.6,684.8,1000.0,759.6,238.0,71.58,45.82,42.64,34.67
geom_968,192.1,184.6,495.4,1000.0,787.5,279.2,79.5,48.93,49.21,29.45
geom_969,156.6,110.9,539.5,1000.0,804.9,267.6,77.21,51.74,47.88,37.8
geom_970,185.7,109.3,514.4,1000.0,648.9,277.2,84.31,47.62,49.06,30.48
geom_971,158.6,145.2,242.1,1000.0,824.2,224.2,63.27,42.31,57.98,36.5
geom_972,144.5,153.5,692.0,1000.0,728.0,215.2,70.72,46.43,40.32,30.65
geom_973,157.3,128.6,458.8,1000.0,628.8,216.8,77.38,53.08,48.8,26.8
geom_974,165.5,97.84,421.7,1000.0,551.5,201.0,76.69,51.19,56.2,31.91
geom_975,182.1,127.2,344.6,1000.0,828.5,191.0,84.33,51.6,51.04,31.03
geom_976,145.5,146.3,527.8,1000.0,691.6,216.5,68.38,50.16,42.56,38.55
geom_977,140.2,102.6,562.7,1000.0,611.3,259.7,85.05,52.94,41.49,32.76
geom_978,163.5,131.3,414.9,1000.0,730.8,200.7,72.6,40.78,45.83,31.09
geom_979,144.7,98.66,273.0,1000.0,741.1,274.3,60.38,47.23,40.58,28.97
geom_980,175.4,114.9,550.2,1000.0,709.6,205.0,86.06,47.45,53.82,36.19
geom_981,178.5,199.2,503.9,1000.0,757.5,230.7,70.89,55.09,50.26,27.31
geom_982,197.4,186.7,382.4,1000.0,786.5,186.5,75.69,57.52,52.03,31.97
geom_983,176.1,51.36,231.9,1000.0,577.6,262.1,67.6,59.43,56.38,30.81
geom_984,154.9,99.99,620.7,1000.0,556.6,180.2,84.14,51.4,56.38,27.54
geom_985,180.9,125.4,351.4,1000.0,630.1,260.3,87.82,41.55,43.28,39.07
geom_986,146.4,145.9,449.4,1000.0,556.0,209.5,69.98,40.9,53.8,32.01
geom_987,175.7,94.22,302.3,1000.0,712.9,190.1,76.04,56.75,49.11,33.27
geom_988,161.8,139.6,468.9,1000.0,787.1,192.8,68.65,48.27,41.46,29.13
geom_989,100.3,160.0,285.7,1000.0,790.3,262.3,65.53,42.96,44.93,36.87
geom_990,190.4,193.8,362.9,1000.0,643.2,181.3,65.0,51.23,55.36,37.66
geom_991,198.6,84.04,405.2,1000.0,585.0,249.1,85.4,42.06,43.18,25.84
geom_992,191.6,193.2,420.8,1000.0,703.3,237.5,69.71,45.52,45.99,28.42
geom_993,153.9,51.33,455.2,1000.0,742.7,218.4,79.63,43.02,59.58,34.53
geom_994,126.3,81.17,325.7,1000.0,816.8,256.2,71.88,43.66,48.49,35.36
geom_995,170.7,196.6,563.1,1000.0,829.8,223.3,67.18,59.81,50.97,31.02
geom_996,167.8,191.2,448.3,1000.0,835.5,201.4,66.16,59.63,44.25,24.07
geom_997,122.0,72.96,515.1,1000.0,670.5,238.2,83.12,47.25,52.31,27.22
geom_998,172.9,131.6,593.4,1000.0,674.0,191.1,81.16,48.73,54.67,34.56
geom_999,122.7,186.0,389.4,1000.0,764.7,269.0,73.07,42.7,43.72,27.21
